domein,product_url,product_naam,variant,prijs,vergelijkingsprijs,eenheid,eenheidsprijs,sku,categorieën
basboernoten.nl,https://basboernoten.nl/gedroogd-fruit/abrikozen-ongezwaveld,Abrikozen ongezwaveld,Standaard,5.75,,,,,
basboernoten.nl,https://basboernoten.nl/chocolade/chocolade-rozijnen-gemengd,Chocolade rozijnen mix,Standaard,4.99,,,,,
basboernoten.nl,https://basboernoten.nl/noten/pistachenoten/,Pistachenoten,Standaard,4.99,,,,,
basboernoten.nl,https://basboernoten.nl/noten/hazelnoten/,Hazelnoten,Standaard,5.5,,,,,
basboernoten.nl,https://basboernoten.nl/gedroogd-fruit/cranberries-suikerarm,Cranberries appeldiksap,Standaard,4.95,,,,,
basboernoten.nl,https://basboernoten.nl/noten/amandelen/,Amandelen,Standaard,3.99,,,,,
basboernoten.nl,https://basboernoten.nl/gedroogd-fruit/rozijnen/,Rozijnen,Standaard,2.5,,,,,
basboernoten.nl,https://basboernoten.nl/gedroogd-fruit/abrikozen/,Abrikozen,Standaard,4.25,,,,,
basboernoten.nl,https://basboernoten.nl/chocolade/melkchocolade-druppels-callebaut,Melkchocolade druppels Callebaut,Standaard,4.5,,,,,
basboernoten.nl,https://basboernoten.nl/noten/walnoten/,Walnoten,Standaard,3.99,,,,,
basboernoten.nl,https://basboernoten.nl/chocolade/chocolade-noten-mix,Chocolade notenmix,Standaard,6.0,,,,,
basboernoten.nl,https://basboernoten.nl/gedroogd-fruit/dadels-medjoul,Dadels medjoul Jumbo,Standaard,3.95,,,,,
basboernoten.nl,https://basboernoten.nl/noten/cashewnoten/,Cashewnoten,Standaard,3.95,,,,,
basboernoten.nl,https://basboernoten.nl/chocolade/chocolade-pindas,Chocolade pinda's melk,Standaard,3.99,,,,,
basboernoten.nl,https://basboernoten.nl/noten/pecannoten/,Pecannoten,Standaard,5.99,,,,,
nootje.eu,https://nootje.eu/product/geisha-mix/,Geisha Mix,Standaard,2.75,,,,,
nootje.eu,https://nootje.eu/product/cashew-noten-gebrand-gezouten/,Cashew Noten gebrand gezouten,Standaard,5.95,,,,,
nootje.eu,https://nootje.eu/product/mogno-bicanero-500-gram/,Mogno Bicanero (500 gram),Standaard,9.95,,,,,
nootje.eu,https://nootje.eu/product/amandelen-wit-gebrand-gezouten/,Amandelen wit gebrand gezouten,Standaard,6.74,,,,,
nootje.eu,https://nootje.eu/product/hazelnoot-wit-ongebrand/,Hazelnoot wit ongebrand,Standaard,3.25,,,,,
nootje.eu,https://nootje.eu/product/polarare-mix/,Polarare mix,Standaard,2.25,,,,,
nootje.eu,https://nootje.eu/product/grote-rozijnen-geel/,Grote rozijnen geel,Standaard,4.76,,,,,
nootje.eu,https://nootje.eu/product/macadamia-ongebrand/,Macadamia ongebrand,Standaard,2.5,,,,,
nootje.eu,https://nootje.eu/product/chocolade-kaneel-amandelen/,Chocolade Kaneel Amandelen,Standaard,3.95,,,,,
nootje.eu,https://nootje.eu/product/choco-rice-balls/,Choco rice balls,Standaard,4.25,,,,,
nootje.eu,https://nootje.eu/product/pinda-gebrand-gezouten-pinda-ongebrand-xxl/,Pinda gebrand gezouten (XXL),Standaard,1.0,,,,,
nootje.eu,https://nootje.eu/product/mais/,Mais geroosterd gezouten,Standaard,2.25,,,,,
nootje.eu,https://nootje.eu/product/gimber/,Gimber,Standaard,8.25,,,,,
nootje.eu,https://nootje.eu/product/hazelnoot-brok-puur/,Hazelnoot brok puur,Standaard,5.95,,,,,
nootje.eu,https://nootje.eu/product/boska-kaas-rasp/,Boska kaas Rasp,Standaard,15.95,,,,,
nootje.eu,https://nootje.eu/product/graeff-van-blesckens-gold-48/,Graeff van Blesckens Gold 48+,Standaard,7.45,,,,,
nootje.eu,https://nootje.eu/product/cadeau-tas-large/,Cadeau tas Large,Standaard,1.5,,,,,
nootje.eu,https://nootje.eu/product/re-modena-balsamico/,Re Modena balsamico,Standaard,2.95,,,,,
nootje.eu,https://nootje.eu/product/pijnboompitten/,Pijnboompitten,Standaard,4.95,,,,,
nootje.eu,https://nootje.eu/product/risotto-naturel/,Risotto Naturel,Standaard,2.75,,,,,
nootje.eu,https://nootje.eu/product/fuego-bicanero-500-gram/,Fuego Bicanero (500 gram),Standaard,9.95,,,,,
nootje.eu,https://nootje.eu/product/truffel-cacao/,Truffel Cacao,Standaard,2.95,,,,,
nootje.eu,https://nootje.eu/product/pindarotsen-melk/,Pindarotsen Melk,Standaard,3.75,,,,,
nootje.eu,https://nootje.eu/product/walnoot/,Walnoot,Standaard,1.0,,,,,
nootje.eu,https://nootje.eu/product/borrel-pakket/,Borrel pakket,Standaard,28.5,,,,,
nootje.eu,https://nootje.eu/product/amandelen-bruin-gebrand-gezouten/,Amandelen bruin gebrand gezouten,Standaard,3.5,,,,,
nootje.eu,https://nootje.eu/product/chocolade-reep-callebaut-melk/,Chocolade reep Callebaut melk,Standaard,2.95,,,,,
nootje.eu,https://nootje.eu/product/amandelen-wit-gebrand-ongezout/,Amandelen wit gebrand ongezout,Standaard,1.0,,,,,
nootje.eu,https://nootje.eu/product/portstroop/,Portstroop,Standaard,12.95,,,,,
nootje.eu,https://nootje.eu/product/chocolade-sneeuw-amandelen-150-gram/,Chocolade Sneeuw Amandelen (150 gram),Standaard,3.95,,,,,
nootje.eu,https://nootje.eu/product/japanse-mix/,Japanse mix,Standaard,2.75,,,,,
nootje.eu,https://nootje.eu/product/turkse-vijgen/,Turkse vijgen,Standaard,7.45,,,,,
nootje.eu,https://nootje.eu/product/amandelen-bruin-ongebrand/,Amandelen bruin ongebrand,Standaard,8.95,,,,,
nootje.eu,https://nootje.eu/product/kaas-vlinders-95-gram/,Landgoed kaas vlinders (95 gram),Standaard,4.95,,,,,
nootje.eu,https://nootje.eu/product/grote-rozijnen-donker/,Grote rozijnen donker,Standaard,4.75,,,,,
nootje.eu,https://nootje.eu/product/pecannoten-gebrand-gezouten/,Pecannoten gebrand gezouten,Standaard,3.95,,,,,
nootje.eu,https://nootje.eu/product/energie-mix-ongebrand/,Energie mix ongebrand,Standaard,2.1,,,,,
nootje.eu,https://nootje.eu/product/pistache-gepeld/,Pistache gepeld,Standaard,1.0,,,,,
nootje.eu,https://nootje.eu/product/macadamia-mix-gebrand-ongezouten/,Macadamia mix gebrand ongezouten,Standaard,5.95,,,,,
nootje.eu,https://nootje.eu/product/party-mix-gebrand-gezouten/,Party mix Gebrand Gezouten,Standaard,3.58,,,,,
nootje.eu,https://nootje.eu/product/amaretti-150-gram/,Amaretti (150 gram),Standaard,3.95,,,,,
nootje.eu,https://nootje.eu/product/chocolade-kusjes-voor-mama-nootje-liefste/,Chocolade kusjes voor mama/nootje/liefste,Standaard,0.0,,,,,
nootje.eu,https://nootje.eu/product/gerookte-amandelen/,Gerookte amandelen,Standaard,5.19,,,,,
nootje.eu,https://nootje.eu/product/studentenflikken-puur/,Studentenflikken Puur,Standaard,7.5,,,,,
nootje.eu,https://nootje.eu/product/macadamia-noten-gebrand-ongezouten/,Macadamia noten gebrand ongezouten,Standaard,2.5,,,,,
nootje.eu,https://nootje.eu/product/macadamia-mix-gebrand-gezouten/,Macadamia Mix Gebrand Gezouten,Standaard,2.1,,,,,
nootje.eu,https://nootje.eu/product/pistache-gepeld-gebrand-ongezouten/,Pistache gepeld gebrand ongezouten,Standaard,7.19,,,,,
nootje.eu,https://nootje.eu/product-categorie/noten/pecannoten/,Pecannoten,Standaard,2.1,,,,,
nootje.eu,https://nootje.eu/product/djakarta-pinda/,Djakarta Pinda,Standaard,5.19,,,,,
nootje.eu,https://nootje.eu/product/boska-kaasschaaf-mini/,Boska kaasschaaf mini,Standaard,14.95,,,,,
nootje.eu,https://nootje.eu/product/puur-natuur-ongebrand/,Puur natuur ongebrand,Standaard,2.95,,,,,
nootje.eu,https://nootje.eu/product/pistache-in-dop-ongebrand/,Pistache in dop Ongebrand,Standaard,5.6,,,,,
nootje.eu,https://nootje.eu/product/muslie/,Muesli,Standaard,4.95,,,,,
nootje.eu,https://nootje.eu/product/viena-bicanero-500-gram/,Viena Bicanero (500 gram),Standaard,9.95,,,,,
nootje.eu,https://nootje.eu/product/choco-mix/,Choco mix,Standaard,3.95,,,,,
nootje.eu,https://nootje.eu/product/borrelnoten-peking-noten-knoflook-shanghai/,Borrelnoten Peking noten – knoflook – Shanghai,Standaard,3.5,,,,,
nootje.eu,https://nootje.eu/product/boeren-truffel-kaas/,Boeren Truffel kaas,Standaard,2.6,,,,,
nootje.eu,https://nootje.eu/product/hazelnoot-brok-melk/,Hazelnoot brok melk,Standaard,6.5,,,,,
nootje.eu,https://nootje.eu/product/pinda-gebrand-ongezouten-pinda-ongebrand-xxl/,Pinda gebrand ongezouten (XXL),Standaard,3.18,,,,,
nootje.eu,https://nootje.eu/product/studentenfikken-melk/,Studentenflikken melk,Standaard,6.74,,,,,
nootje.eu,https://nootje.eu/product/cranberries/,Cranberries,Standaard,2.95,,,,,
nootje.eu,https://nootje.eu/product/moon-crackers/,Moon crackers,Standaard,2.25,,,,,
nootje.eu,https://nootje.eu/product/borrelnoten-cocktail-mix/,Borrelnoten cocktail mix,Standaard,3.25,,,,,
nootje.eu,https://nootje.eu/product-categorie/noten/cashewnoten/,Cashewnoten,Standaard,2.78,,,,,
nootje.eu,https://nootje.eu/product/vlies-pinda-klein/,Vlies pinda klein,Standaard,3.25,,,,,
nootje.eu,https://nootje.eu/product/hazelnoot-wit-gebrand-ongezouten/,Hazelnoot wit gebrand ongezouten,Standaard,5.95,,,,,
nootje.eu,https://nootje.eu/product/amandelen-wit-ongebrand/,Amandelen wit ongebrand,Standaard,1.3,,,,,
nootje.eu,https://nootje.eu/product/chocolade-reep-callebaut-puur/,Chocolade reep Callebaut puur,Standaard,2.95,,,,,
nootje.eu,https://nootje.eu/product/pecannoten-ongebrand/,Pecannoten ongebrand,Standaard,3.95,,,,,
nootje.eu,https://nootje.eu/product-categorie/noten/hazelnoten/,Hazelnoten,Standaard,7.5,,,,,
nootje.eu,https://nootje.eu/product/cashew-noten-ongebrand/,Cashew Noten ongebrand,Standaard,6.74,,,,,
nootje.eu,https://nootje.eu/product/sweet-chili-bites/,Sweet chili bites,Standaard,2.75,,,,,
nootje.eu,https://nootje.eu/product/krullart-mix-gebrand-gezouten/,Krullart mix gebrand gezouten,Standaard,3.58,,,,,
nootje.eu,https://nootje.eu/product/abrikozen/,Abrikozen,Standaard,7.45,,,,,
nootje.eu,https://nootje.eu/product/ferro-bicanero-500-gram/,Ferro Bicanero (500 gram),Standaard,9.95,,,,,
nootje.eu,https://nootje.eu/product/pruim-zonder-pit/,Pruim zonder pit,Standaard,2.25,,,,,
nootje.eu,https://nootje.eu/product/pinda-rotsen-puur/,Pinda rotsen puur,Standaard,5.95,,,,,
nootje.eu,https://nootje.eu/product/cadeau-taart-noten/,Cadeau taart noten,Standaard,15.0,,,,,
nootje.eu,https://nootje.eu/product/amandelen-bruin-gebrand-ongezouten/,Amandelen bruin gebrand ongezouten,Standaard,3.5,,,,,
nootje.eu,https://nootje.eu/product/soja-crackers/,Soja Crackers,Standaard,2.52,,,,,
nootje.eu,https://nootje.eu/product/bossche-mix-gebrand-gezouten/,Bossche Mix gebrand gezouten,Standaard,2.1,,,,,
nootje.eu,https://nootje.eu/product/pinda-kaas/,Pinda kaas,Standaard,8.95,,,,,
nootje.eu,https://nootje.eu/product/landgoed-kaasstengels/,Landgoed Kaasstengels,Standaard,4.95,,,,,
nootje.eu,https://nootje.eu/product/spaanse-mini-vijgen/,Spaanse mini vijgen,Standaard,2.95,,,,,
nootje.eu,https://nootje.eu/product/vlies-pinda/,Vlies pinda groot,Standaard,2.95,,,,,
nootje.eu,https://nootje.eu/product/paranoten-brasil-nut-ongebrand/,Paranoten / Brasil nut ongebrand,Standaard,2.5,,,,,
nootje.eu,https://nootje.eu/product/cadeau-pakket-mix/,Cadeau pakket mix,Standaard,29.95,,,,,
nootje.eu,https://nootje.eu/product/pinda-ongebrand-xxl/,Pinda ongebrand (XXL),Standaard,8.95,,,,,
nootje.eu,https://nootje.eu/product/macadamia-noten-gebrand-gezouten/,Macadamia noten gebrand gezouten,Standaard,3.25,,,,,
nootje.eu,https://nootje.eu/product/pecan-mix-gebrand-ongezouten/,Pecan Mix gebrand ongezouten,Standaard,3.95,,,,,
nootje.eu,https://nootje.eu/product/groenten-chips/,Groenten chips,Standaard,3.95,,,,,
nootje.eu,https://nootje.eu/product/dadel-medjoul/,Dadel Medjoul,Standaard,4.25,,,,,
nootje.eu,https://nootje.eu/product/honing-uit-oisterwijk/,Honing uit Oisterwijk,Standaard,11.95,,,,,
nootje.eu,https://nootje.eu/product/studenten-haver-ongebrand/,Studenten haver ongebrand,Standaard,2.6,,,,,
nootje.eu,https://nootje.eu/product/biscotti-cantucci-150-gram/,"Biscotti, Cantucci (150 gram)",Standaard,4.95,,,,,
nootje.eu,https://nootje.eu/product/cranberry-mix-gezouten/,Cranberry mix gezouten,Standaard,15.0,,,,,
nootje.eu,https://nootje.eu/product/callebaut-hagelslag-melk/,Callebaut hagelslag melk,Standaard,4.75,,,,,
nootje.eu,https://nootje.eu/product/mango-gedroogd-zonder-suiker/,Mango gedroogd zonder suiker,Standaard,1.3,,,,,
nootje.eu,https://nootje.eu/product/ratjetoe-mix/,Ratjetoe mix,Standaard,3.5,,,,,
nootje.eu,https://nootje.eu/product/nootje-mix-gebrand-ongezouten/,Nootje Mix gebrand ongezouten,Standaard,1.98,,,,,
nootje.eu,https://nootje.eu/product/cashew-mix-gebrand-ongezouten/,Cashew mix gebrand ongezouten,Standaard,2.95,,,,,
nootje.eu,https://nootje.eu/product/cashew-noten-gebrand-ongezouten/,Cashew Noten gebrand ongezouten,Standaard,2.95,,,,,
nootje.eu,https://nootje.eu/product/granola-60/,Granola 60%,Standaard,7.45,,,,,
nootje.eu,https://nootje.eu/product/ontbijt-pakket/,Ontbijt pakket,Standaard,9.95,,,,,
nootje.eu,https://nootje.eu/product/wasabi-pinda/,Wasabi pinda,Standaard,2.5,,,,,
nootje.eu,https://nootje.eu/product/fruit-mix/,Fruit mix,Standaard,3.5,,,,,
nootje.eu,https://nootje.eu/product/callebaut-hagelslag-puur/,Callebaut hagelslag puur,Standaard,4.75,,,,,
nootje.eu,https://nootje.eu/product/cashewnoot-met-barbecue-bbq/,Cashewnoot met barbecue (BBQ),Standaard,3.95,,,,,
nootje.eu,https://nootje.eu/product/pavesi-crackers-toastjes-original/,Pavesi crackers / toastjes original,Standaard,3.5,,,,,
nootje.eu,https://nootje.eu/product/hazelnoot-ongebrand/,Hazelnoot ongebrand,Standaard,3.95,,,,,
nootje.eu,https://nootje.eu/product-categorie/noten/walnoten/,Walnoten,Standaard,3.44,,,,,
nootje.eu,https://nootje.eu/product/boeren-ambacht-zoet/,Boeren Ambacht zoet,Standaard,2.95,,,,,
nootje.eu,https://nootje.eu/product/pecannoten-gebrand-ongezouten/,Pecannoten gebrand ongezouten,Standaard,3.25,,,,,
nootje.eu,https://nootje.eu/product/pecan-mix-gebrand-gezouten/,Pecan Mix gebrand gezouten,Standaard,3.95,,,,,
nootje.eu,https://nootje.eu/product/gedroogde-appel/,Gedroogde appel,Standaard,4.76,,,,,
nootje.eu,https://nootje.eu/product/teriyaki-cracker-originele/,Teriyaki Cracker originele,Standaard,2.75,,,,,
nootje.eu,https://nootje.eu/product-categorie/noten/amandelen/,Amandelen,Standaard,2.75,,,,,
nootje.eu,https://nootje.eu/product/chia-zaad/,Chia zaad,Standaard,2.95,,,,,
nootje.eu,https://nootje.eu/product/pistache-in-dop-gebrand-gezouten/,Pistache in dop gebrand gezouten,Standaard,3.25,,,,,
noototheek.nl,https://noototheek.nl/products/amandelen-bruin-stukjes-ongebrand,Amandelen Bruin Stukjes Ongebrand,Standaard,7.49,,,,6097353871870,
noototheek.nl,https://noototheek.nl/products/amandelen-bruin-stukjes-ongebrand,Amandelen Bruin Stukjes Ongebrand,Standaard,174.95,,,,6097347934949,
noototheek.nl,https://noototheek.nl/products/gekarameliseerde-cashewnoten,Gekarameliseerde Cashewnoten,Standaard,4.95,,,,6097342564578,
noototheek.nl,https://noototheek.nl/products/gekarameliseerde-cashewnoten,Gekarameliseerde Cashewnoten,Standaard,82.95,,,,6097346542527,
noototheek.nl,https://noototheek.nl/products/overnight-oats-proefpakket,Overnight Oats Proefpakket,Standaard,19.95,,,,6097347937971,
noototheek.nl,https://noototheek.nl/products/amandelen-valencia-gebrand-grof-zeezout,Amandelen (Valencia) Gebrand Zeezout,Standaard,6.95,,,,6097357053081,
noototheek.nl,https://noototheek.nl/products/amandelen-valencia-gebrand-grof-zeezout,Amandelen (Valencia) Gebrand Zeezout,Standaard,44.95,,,,8436536120141,
noototheek.nl,https://noototheek.nl/collections/pecannoten,Pecannoten(8),Standaard,7.95,,,,,
noototheek.nl,https://noototheek.nl/products/cadeau-pakket-fijne-feestdagen-noten,Cadeau Pakket Fijne Feestdagen! Noten,Standaard,34.99,,,,6097347269256,
noototheek.nl,https://noototheek.nl/products/superfood-mix-ongebrand,Superfood Mix Ongebrand,Standaard,5.95,,,,6097346891892,
noototheek.nl,https://noototheek.nl/products/superfood-mix-ongebrand,Superfood Mix Ongebrand,Standaard,39.95,,,,6097357617658,
noototheek.nl,https://noototheek.nl/products/superfood-mix-ongebrand,Superfood Mix Ongebrand,Standaard,74.95,,,,6097344618668,
noototheek.nl,https://noototheek.nl/products/bananenchips,Bananenchips,Standaard,2.25,,,,6097354150158,
noototheek.nl,https://noototheek.nl/products/bananenchips,Bananenchips,Standaard,39.95,,,,6097342175118,
noototheek.nl,https://noototheek.nl/products/meergranen-vlokken,Meergranen Vlokken,Standaard,1.95,,,,6097348486416,
noototheek.nl,https://noototheek.nl/products/meergranen-vlokken,Meergranen Vlokken,Standaard,39.95,,,,6097354599568,
noototheek.nl,https://noototheek.nl/products/papaya-blokjes,Papaya Blokjes,Standaard,3.95,,,,6097345375355,
noototheek.nl,https://noototheek.nl/products/papaya-blokjes,Papaya Blokjes,Standaard,14.95,,,,6097352515539,
noototheek.nl,https://noototheek.nl/products/papaya-blokjes,Papaya Blokjes,Standaard,48.95,,,,6097353610639,
noototheek.nl,https://noototheek.nl/products/cashew-rotsjes-karamel-zeezout,Cashew Rotsjes Karamel/Zeezout Melk,Standaard,4.75,,,,6097344256211,
noototheek.nl,https://noototheek.nl/products/cashew-rotsjes-karamel-zeezout,Cashew Rotsjes Karamel/Zeezout Melk,Standaard,13.95,,,,6097351830879,
noototheek.nl,https://noototheek.nl/products/cashew-rotsjes-karamel-zeezout,Cashew Rotsjes Karamel/Zeezout Melk,Standaard,89.95,,,,6097346546525,
noototheek.nl,https://noototheek.nl/products/hennepzaad-gepeld,Hennepzaad Gepeld,Standaard,3.75,,,,6097352662639,
noototheek.nl,https://noototheek.nl/products/hennepzaad-gepeld,Hennepzaad Gepeld,Standaard,8.95,,,,6097344115105,
noototheek.nl,https://noototheek.nl/products/hennepzaad-gepeld,Hennepzaad Gepeld,Standaard,39.95,,,,6097352565565,
noototheek.nl,https://noototheek.nl/products/havervlokken,Havervlokken Grof,Standaard,1.45,,,,6097344116195,
noototheek.nl,https://noototheek.nl/products/havervlokken,Havervlokken Grof,Standaard,6.49,,,,6097351128181,
noototheek.nl,https://noototheek.nl/products/mais-geroosterd,Mais Geroosterd,Standaard,2.5,,,,6097343755784,
noototheek.nl,https://noototheek.nl/products/mais-geroosterd,Mais Geroosterd,Standaard,58.95,,,,6097354026040,
noototheek.nl,https://noototheek.nl/products/paranoten-ongebrand,Paranoten Ongebrand,Standaard,9.95,,,,6097343048008,
noototheek.nl,https://noototheek.nl/products/paranoten-ongebrand,Paranoten Ongebrand,Standaard,19.95,,,,6097349014069,
noototheek.nl,https://noototheek.nl/products/paranoten-ongebrand,Paranoten Ongebrand,Standaard,398.95,,,,6097349977968,
noototheek.nl,https://noototheek.nl/products/gember-gesuikerd,Gember Gesuikerd,Standaard,4.75,,,,6097345555504,
noototheek.nl,https://noototheek.nl/products/gember-gesuikerd,Gember Gesuikerd,Standaard,64.5,,,,6097342474426,
noototheek.nl,https://noototheek.nl/products/gedroogde-appeltjes,Gedroogde Appeltjes,Standaard,3.49,,,,6097356938945,
noototheek.nl,https://noototheek.nl/products/gedroogde-appeltjes,Gedroogde Appeltjes,Standaard,4.95,,,,6097349322331,
noototheek.nl,https://noototheek.nl/products/gedroogde-appeltjes,Gedroogde Appeltjes,Standaard,96.95,,,,6097347798787,
noototheek.nl,https://noototheek.nl/products/rozijnen-gemengd,Rozijnen Gemengd,Standaard,4.5,,,,6097343124191,
noototheek.nl,https://noototheek.nl/products/rozijnen-gemengd,Rozijnen Gemengd,Standaard,23.95,,,,6097347219275,
noototheek.nl,https://noototheek.nl/products/rozijnen-gemengd,Rozijnen Gemengd,Standaard,44.95,,,,6097357924954,
noototheek.nl,https://noototheek.nl/products/quinoa,Quinoa,Standaard,3.5,,,,6097348382305,
noototheek.nl,https://noototheek.nl/products/honey-mix-met-zout,Honey Mix Met Zout,Standaard,3.95,,,,6097348323315,
noototheek.nl,https://noototheek.nl/products/honey-mix-met-zout,Honey Mix Met Zout,Standaard,6.75,,,,6097351886814,
noototheek.nl,https://noototheek.nl/products/honey-mix-met-zout,Honey Mix Met Zout,Standaard,99.95,,,,6097346394348,
noototheek.nl,https://noototheek.nl/products/chocolade-rijstbollen-cappuccino,Chocolade Rijstbollen Cappuccino,Standaard,4.95,,,,6097346668630,
noototheek.nl,https://noototheek.nl/products/chocolade-rijstbollen-cappuccino,Chocolade Rijstbollen Cappuccino,Standaard,13.95,,,,6097350719724,
noototheek.nl,https://noototheek.nl/products/chocolade-rijstbollen-cappuccino,Chocolade Rijstbollen Cappuccino,Standaard,51.95,,,,6097350850892,
noototheek.nl,https://noototheek.nl/products/gevriesdroogde-kiwi-schijfjes,Gevriesdroogde Kiwi Schijfjes,Standaard,4.49,,,,6097350862864,
noototheek.nl,https://noototheek.nl/products/gevriesdroogde-kiwi-schijfjes,Gevriesdroogde Kiwi Schijfjes,Standaard,29.95,,,,6097347977960,
noototheek.nl,https://noototheek.nl/products/gevriesdroogde-kiwi-schijfjes,Gevriesdroogde Kiwi Schijfjes,Standaard,49.95,,,,6097345838836,
noototheek.nl,https://noototheek.nl/products/suikerpindas,Suikerpinda's,Standaard,2.49,,,,6097346968938,
noototheek.nl,https://noototheek.nl/products/suikerpindas,Suikerpinda's,Standaard,5.95,,,,6097342672624,
noototheek.nl,https://noototheek.nl/products/suikerpindas,Suikerpinda's,Standaard,54.95,,,,6097344549542,
noototheek.nl,https://noototheek.nl/products/chocolade-royal-mix,Chocolade Royal Mix,Standaard,6.49,,,,6097343190127,
noototheek.nl,https://noototheek.nl/products/chocolade-royal-mix,Chocolade Royal Mix,Standaard,18.49,,,,6097346827877,
noototheek.nl,https://noototheek.nl/products/chocolade-royal-mix,Chocolade Royal Mix,Standaard,79.95,,,,8715575015787,
noototheek.nl,https://noototheek.nl/products/aikido-mix,Aikido Mix,Standaard,2.25,,,,6097354756763,
noototheek.nl,https://noototheek.nl/products/aikido-mix,Aikido Mix,Standaard,5.95,,,,6097348581586,
noototheek.nl,https://noototheek.nl/products/aikido-mix,Aikido Mix,Standaard,49.95,,,,8715575010768,
noototheek.nl,https://noototheek.nl/products/luxe-notenmix-raw,Luxe Notenmix Ongebrand,Standaard,6.5,,,,6097344336333,
noototheek.nl,https://noototheek.nl/products/luxe-notenmix-raw,Luxe Notenmix Ongebrand,Standaard,12.95,,,,6097349233262,
noototheek.nl,https://noototheek.nl/products/luxe-notenmix-raw,Luxe Notenmix Ongebrand,Standaard,49.95,,,,6097357379389,
noototheek.nl,https://noototheek.nl/products/fudge-chocolade,Fudge Chocolade,Standaard,3.25,,,,6097352393342,
noototheek.nl,https://noototheek.nl/products/fudge-chocolade,Fudge Chocolade,Standaard,17.99,,,,5410448235011,
noototheek.nl,https://noototheek.nl/products/pistachenoten-gepeld-en-ongebrand,Pistachenoten Gepeld Ongebrand,Standaard,13.95,,,,6097343954989,
noototheek.nl,https://noototheek.nl/products/pistachenoten-gepeld-en-ongebrand,Pistachenoten Gepeld Ongebrand,Standaard,28.95,,,,6097342049020,
noototheek.nl,https://noototheek.nl/products/pistachenoten-gepeld-en-ongebrand,Pistachenoten Gepeld Ongebrand,Standaard,462.5,,,,6097345257255,
noototheek.nl,https://noototheek.nl/products/bakvaste-chocolade-druppels-puur,Bakvaste Chocolade Druppels Puur,Standaard,7.49,,,,6097352078089,
noototheek.nl,https://noototheek.nl/products/gevriesdroogd-fruit-mix,Gevriesdroogd Fruit Mix,Standaard,6.95,,,,6097348572553,
noototheek.nl,https://noototheek.nl/products/gevriesdroogd-fruit-mix,Gevriesdroogd Fruit Mix,Standaard,42.95,,,,6097343759768,
noototheek.nl,https://noototheek.nl/products/gevriesdroogd-fruit-mix,Gevriesdroogd Fruit Mix,Standaard,78.95,,,,6097345024055,
noototheek.nl,https://noototheek.nl/products/gevriesdroogd-fruit-mix,Gevriesdroogd Fruit Mix,Standaard,464.95,,,,8585056221293,
noototheek.nl,https://noototheek.nl/products/pindas-runners-gebrand-snack-noototheek,Pinda's (Runners) Gebrand & Gezouten,Standaard,2.99,,,,6097348937987,
noototheek.nl,https://noototheek.nl/products/pindas-runners-gebrand-snack-noototheek,Pinda's (Runners) Gebrand & Gezouten,Standaard,18.49,,,,6097355922945,
noototheek.nl,https://noototheek.nl/products/pindas-runners-gebrand-snack-noototheek,Pinda's (Runners) Gebrand & Gezouten,Standaard,32.99,,,,6097349191166,
noototheek.nl,https://noototheek.nl/products/chocolade-druppels-puur-80,Chocolade Druppels Puur,Standaard,7.95,,,,6097343676621,
noototheek.nl,https://noototheek.nl/products/mokka-boontjes-melk,Mokka Boontjes Melk,Standaard,7.95,,,,6097354056009,
noototheek.nl,https://noototheek.nl/products/mokka-boontjes-melk,Mokka Boontjes Melk,Standaard,22.95,,,,6097342699690,
noototheek.nl,https://noototheek.nl/products/mokka-boontjes-melk,Mokka Boontjes Melk,Standaard,99.95,,,,6097354454409,
noototheek.nl,https://noototheek.nl/products/speltmeel-volkoren,Speltmeel Volkoren,Standaard,3.99,,,,6097345249243,
noototheek.nl,https://noototheek.nl/products/chocolade-cashewnoten-puur,Chocolade Cashewnoten Puur,Standaard,5.49,,,,6097345677619,
noototheek.nl,https://noototheek.nl/products/chocolade-cashewnoten-puur,Chocolade Cashewnoten Puur,Standaard,15.75,,,,6097348148147,
noototheek.nl,https://noototheek.nl/products/chocolade-cashewnoten-puur,Chocolade Cashewnoten Puur,Standaard,79.95,,,,8715575002961,
noototheek.nl,https://noototheek.nl/products/walnoten-stukjes,Walnoten Stukjes,Standaard,6.75,,,,6097349668620,
noototheek.nl,https://noototheek.nl/products/walnoten-stukjes,Walnoten Stukjes,Standaard,12.25,,,,6097352578527,
noototheek.nl,https://noototheek.nl/products/walnoten-stukjes,Walnoten Stukjes,Standaard,124.95,,,,6097352349387,
noototheek.nl,https://noototheek.nl/products/amandelen-wit-ongebrand,Amandelen Wit Ongebrand,Standaard,5.95,,,,6097352671679,
noototheek.nl,https://noototheek.nl/products/amandelen-wit-ongebrand,Amandelen Wit Ongebrand,Standaard,11.95,,,,6097344369393,
noototheek.nl,https://noototheek.nl/products/amandelen-wit-ongebrand,Amandelen Wit Ongebrand,Standaard,179.95,,,,6097354641618,
noototheek.nl,https://noototheek.nl/products/chocolade-cranberrys-puur,Chocolade Cranberry's Puur,Standaard,6.49,,,,6097355964921,
noototheek.nl,https://noototheek.nl/products/chocolade-cranberrys-puur,Chocolade Cranberry's Puur,Standaard,18.75,,,,6097342587560,
noototheek.nl,https://noototheek.nl/products/chocolade-cranberrys-puur,Chocolade Cranberry's Puur,Standaard,74.95,,,,8715575011291,
noototheek.nl,https://noototheek.nl/products/sushi-cheese,Sushi Cheese,Standaard,2.25,,,,6097353673665,
noototheek.nl,https://noototheek.nl/products/sushi-cheese,Sushi Cheese,Standaard,5.95,,,,6097350635697,
noototheek.nl,https://noototheek.nl/products/sushi-cheese,Sushi Cheese,Standaard,59.95,,,,6097357230284,
noototheek.nl,https://noototheek.nl/products/gevriesdroogde-ananas-stukken,Gevriesdroogde Ananas Stukken,Standaard,8.25,,,,6097356378390,
noototheek.nl,https://noototheek.nl/products/gevriesdroogde-ananas-stukken,Gevriesdroogde Ananas Stukken,Standaard,49.95,,,,6097347863843,
noototheek.nl,https://noototheek.nl/products/gevriesdroogde-ananas-stukken,Gevriesdroogde Ananas Stukken,Standaard,104.95,,,,6097352523534,
noototheek.nl,https://noototheek.nl/products/gevriesdroogde-ananas-stukken,Gevriesdroogde Ananas Stukken,Standaard,549.45,,,,8585056221095,
noototheek.nl,https://noototheek.nl/products/kinder-rozijnen,Kinder Rozijnen,Standaard,2.49,,,,8711299003505,
noototheek.nl,https://noototheek.nl/products/kinder-rozijnen,Kinder Rozijnen,Standaard,39.99,,,,8710105056056,
noototheek.nl,https://noototheek.nl/products/kleine-vliespindas-gebrand-en-gezouten,Kleine Vliespinda's Gebrand en Gezouten,Standaard,2.99,,,,6097357080094,
noototheek.nl,https://noototheek.nl/products/kleine-vliespindas-gebrand-en-gezouten,Kleine Vliespinda's Gebrand en Gezouten,Standaard,18.49,,,,6097345350390,
noototheek.nl,https://noototheek.nl/products/kleine-vliespindas-gebrand-en-gezouten,Kleine Vliespinda's Gebrand en Gezouten,Standaard,32.99,,,,6097346523540,
noototheek.nl,https://noototheek.nl/products/proteine-power-mix,Proteïne Power Mix,Standaard,4.75,,,,6097342195147,
noototheek.nl,https://noototheek.nl/products/proteine-power-mix,Proteïne Power Mix,Standaard,34.95,,,,6097346751790,
noototheek.nl,https://noototheek.nl/products/proteine-power-mix,Proteïne Power Mix,Standaard,67.75,,,,6097343796763,
noototheek.nl,https://noototheek.nl/products/vruchtengriesmeel,Vruchtengriesmeel,Standaard,3.75,,,,6097342380369,
noototheek.nl,https://noototheek.nl/products/vruchtengriesmeel,Vruchtengriesmeel,Standaard,34.49,,,,6097350310303,
noototheek.nl,https://noototheek.nl/products/abrikozen,Abrikozen,Standaard,6.95,,,,6097349957908,
noototheek.nl,https://noototheek.nl/products/abrikozen,Abrikozen,Standaard,14.95,,,,6097354288271,
noototheek.nl,https://noototheek.nl/products/abrikozen,Abrikozen,Standaard,94.95,,,,6097355014008,
noototheek.nl,https://noototheek.nl/product/gepelde-walnoten/,Gepelde Walnoten,Standaard,4.25,,,,6097342432440,
noototheek.nl,https://noototheek.nl/product/gepelde-walnoten/,Gepelde Walnoten,Standaard,7.45,,,,6097345291235,
noototheek.nl,https://noototheek.nl/product/gepelde-walnoten/,Gepelde Walnoten,Standaard,124.95,,,,6097353352348,
noototheek.nl,https://noototheek.nl/product/hennepzaad-gepeld/?_gl=1*ctxdhv*_up*MQ..*_gs*MQ..&gclid=Cj0KCQiA4fi7BhC5ARIsAEV1YibfDhVqQr5qqO4nCpFUMuHceej7pvohQlQ-l9niyguFjOKzZcu62C8aAr7iEALw_wcB,Hennepzaad Gepeld,Standaard,3.75,,,,6097352662639,
noototheek.nl,https://noototheek.nl/product/hennepzaad-gepeld/?_gl=1*ctxdhv*_up*MQ..*_gs*MQ..&gclid=Cj0KCQiA4fi7BhC5ARIsAEV1YibfDhVqQr5qqO4nCpFUMuHceej7pvohQlQ-l9niyguFjOKzZcu62C8aAr7iEALw_wcB,Hennepzaad Gepeld,Standaard,8.95,,,,6097344115105,
noototheek.nl,https://noototheek.nl/product/hennepzaad-gepeld/?_gl=1*ctxdhv*_up*MQ..*_gs*MQ..&gclid=Cj0KCQiA4fi7BhC5ARIsAEV1YibfDhVqQr5qqO4nCpFUMuHceej7pvohQlQ-l9niyguFjOKzZcu62C8aAr7iEALw_wcB,Hennepzaad Gepeld,Standaard,39.95,,,,6097352565565,
noototheek.nl,https://noototheek.nl/products/dadels-medjoul-1-kilo-voordeeldoos,Dadels Medjoul 1 kilo voordeeldoos,Standaard,9.95,,,,6096524588500,
noototheek.nl,https://noototheek.nl/products/fruit-blokjes,Fruit Blokjes,Standaard,3.95,,,,6097342946992,
noototheek.nl,https://noototheek.nl/products/fruit-blokjes,Fruit Blokjes,Standaard,46.25,,,,6097345473426,
noototheek.nl,https://noototheek.nl/products/gevriesdroogd-aardbei-poeder,Gevriesdroogd Aardbei Poeder,Standaard,7.5,,,,6097343222224,
noototheek.nl,https://noototheek.nl/products/fudge-caramel-zeezout,Fudge Caramel Zeezout,Standaard,3.25,,,,6097346673672,
noototheek.nl,https://noototheek.nl/products/fudge-caramel-zeezout,Fudge Caramel Zeezout,Standaard,28.95,,,,8714200216025,
noototheek.nl,https://noototheek.nl/products/amandelgriesmeel,Amandelgriesmeel,Standaard,3.49,,,,6097349249294,
noototheek.nl,https://noototheek.nl/products/amandelgriesmeel,Amandelgriesmeel,Standaard,31.95,,,,6097350946922,
noototheek.nl,https://noototheek.nl/products/terrasana-ahornsiroop-klasse-c-250ml,Terrasana Ahornsiroop Klasse C (250ml),Standaard,8.79,,,,8713576224320,
noototheek.nl,https://noototheek.nl/products/chocolade-kiddys,Chocolade Kiddy's,Standaard,4.95,,,,6097346245213,
noototheek.nl,https://noototheek.nl/products/chocolade-kiddys,Chocolade Kiddy's,Standaard,14.45,,,,6097354135179,
noototheek.nl,https://noototheek.nl/products/chocolade-kiddys,Chocolade Kiddy's,Standaard,58.95,,,,6097348889828,
noototheek.nl,https://noototheek.nl/product/havervlokken/?_gl=1*1903w3b*_up*MQ..*_gs*MQ..&gclid=Cj0KCQiA4fi7BhC5ARIsAEV1YibfDhVqQr5qqO4nCpFUMuHceej7pvohQlQ-l9niyguFjOKzZcu62C8aAr7iEALw_wcB,Havervlokken Grof,Standaard,1.45,,,,6097344116195,
noototheek.nl,https://noototheek.nl/product/havervlokken/?_gl=1*1903w3b*_up*MQ..*_gs*MQ..&gclid=Cj0KCQiA4fi7BhC5ARIsAEV1YibfDhVqQr5qqO4nCpFUMuHceej7pvohQlQ-l9niyguFjOKzZcu62C8aAr7iEALw_wcB,Havervlokken Grof,Standaard,6.49,,,,6097351128181,
noototheek.nl,https://noototheek.nl/products/borrel-cadeaupakket-groot,Borrel Cadeaupakket Groot,Standaard,42.95,,,,6097346732737,
noototheek.nl,https://noototheek.nl/products/cookie-fudge-rotsjes-gemengd,Cookie Fudge Rotsjes Gemengd,Standaard,4.95,,,,6097348233256,
noototheek.nl,https://noototheek.nl/products/kokosbloesemsuiker,Kokosbloesemsuiker,Standaard,5.95,,,,6097343584582,
noototheek.nl,https://noototheek.nl/products/kokosbloesemsuiker,Kokosbloesemsuiker,Standaard,9.95,,,,6097354127174,
noototheek.nl,https://noototheek.nl/products/abrikozen-stukjes-ongezwaveld,Abrikozen Stukjes Ongezwaveld,Standaard,4.95,,,,6097343793786,
noototheek.nl,https://noototheek.nl/products/abrikozen-stukjes-ongezwaveld,Abrikozen Stukjes Ongezwaveld,Standaard,110.95,,,,8697423060494,
noototheek.nl,https://noototheek.nl/products/gevriesdroogde-blauwe-bessen,Gevriesdroogde Blauwe Bessen,Standaard,7.5,,,,6097355510579,
noototheek.nl,https://noototheek.nl/products/gevriesdroogde-blauwe-bessen,Gevriesdroogde Blauwe Bessen,Standaard,43.99,,,,6097348150195,
noototheek.nl,https://noototheek.nl/products/gevriesdroogde-blauwe-bessen,Gevriesdroogde Blauwe Bessen,Standaard,82.95,,,,6097346061059,
noototheek.nl,https://noototheek.nl/products/gevriesdroogde-blauwe-bessen,Gevriesdroogde Blauwe Bessen,Standaard,599.99,,,,8585056220708,
noototheek.nl,https://noototheek.nl/products/chocolade-dadels-melk,Chocolade Dadels Melk,Standaard,4.95,,,,6097347240255,
noototheek.nl,https://noototheek.nl/products/chocolade-dadels-melk,Chocolade Dadels Melk,Standaard,13.95,,,,6097342540565,
noototheek.nl,https://noototheek.nl/products/chocolade-dadels-melk,Chocolade Dadels Melk,Standaard,54.95,,,,8715575002862,
noototheek.nl,https://noototheek.nl/products/superfood-ontbijt-mix,Superfood Ontbijt Mix,Standaard,5.49,,,,6097343863854,
noototheek.nl,https://noototheek.nl/products/naturel-notenmix-ongebrand,Naturel Notenmix Ongebrand,Standaard,5.95,,,,6097357365368,
noototheek.nl,https://noototheek.nl/products/naturel-notenmix-ongebrand,Naturel Notenmix Ongebrand,Standaard,11.95,,,,6097354248268,
noototheek.nl,https://noototheek.nl/products/naturel-notenmix-ongebrand,Naturel Notenmix Ongebrand,Standaard,46.95,,,,6097347075055,
noototheek.nl,https://noototheek.nl/products/naturel-notenmix-ongebrand,Naturel Notenmix Ongebrand,Standaard,89.95,,,,6097345499488,
noototheek.nl,https://noototheek.nl/products/gevriesdroogde-mango-schijfjes,Gevriesdroogde Mango Schijfjes,Standaard,4.95,,,,6097349997997,
noototheek.nl,https://noototheek.nl/products/gevriesdroogde-mango-schijfjes,Gevriesdroogde Mango Schijfjes,Standaard,26.75,,,,6097342891827,
noototheek.nl,https://noototheek.nl/products/gevriesdroogde-mango-schijfjes,Gevriesdroogde Mango Schijfjes,Standaard,58.95,,,,6097349142144,
noototheek.nl,https://noototheek.nl/products/gevriesdroogde-mango-schijfjes,Gevriesdroogde Mango Schijfjes,Standaard,399.95,,,,8585056224997,
noototheek.nl,https://noototheek.nl/products/chocolade-bananenchips-yoghurt,Chocolade Bananenchips Yoghurt,Standaard,3.95,,,,6097357040081,
noototheek.nl,https://noototheek.nl/products/chocolade-bananenchips-yoghurt,Chocolade Bananenchips Yoghurt,Standaard,11.25,,,,6097356352376,
noototheek.nl,https://noototheek.nl/products/chocolade-bananenchips-yoghurt,Chocolade Bananenchips Yoghurt,Standaard,51.95,,,,8715575003456,
noototheek.nl,https://noototheek.nl/products/sesamzaad-zwart,Sesamzaad Zwart,Standaard,3.49,,,,6097345734770,
noototheek.nl,https://noototheek.nl/products/sesamzaad-zwart,Sesamzaad Zwart,Standaard,22.49,,,,6097353170188,
noototheek.nl,https://noototheek.nl/products/hazelnoten-wit-gebrand-ongezouten,Hazelnoten Wit Gebrand & Ongezouten,Standaard,8.95,,,,6097354011060,
noototheek.nl,https://noototheek.nl/products/hazelnoten-wit-gebrand-ongezouten,Hazelnoten Wit Gebrand & Ongezouten,Standaard,82.95,,,,6097346166143,
noototheek.nl,https://noototheek.nl/products/hazelnoten-wit-gebrand-ongezouten,Hazelnoten Wit Gebrand & Ongezouten,Standaard,149.95,,,,6097345554569,
noototheek.nl,https://noototheek.nl/products/borrelnoten-gemengd,Borrelnoten Gemengd,Standaard,2.5,,,,6097344728787,
noototheek.nl,https://noototheek.nl/products/borrelnoten-gemengd,Borrelnoten Gemengd,Standaard,14.95,,,,6097355421424,
noototheek.nl,https://noototheek.nl/products/borrelnoten-gemengd,Borrelnoten Gemengd,Standaard,86.95,,,,6097343788720,
noototheek.nl,https://noototheek.nl/products/dadel-stukjes,Dadel Stukjes,Standaard,3.25,,,,6097348161160,
noototheek.nl,https://noototheek.nl/products/dadel-stukjes,Dadel Stukjes,Standaard,5.95,,,,6097342999974,
noototheek.nl,https://noototheek.nl/products/dadel-stukjes,Dadel Stukjes,Standaard,47.95,,,,6097346876820,
noototheek.nl,https://noototheek.nl/products/inca-bessen,Inca Bessen,Standaard,4.95,,,,6097356165174,
noototheek.nl,https://noototheek.nl/products/inca-bessen,Inca Bessen,Standaard,87.95,,,,6097344353385,
noototheek.nl,https://noototheek.nl/products/de-traay-agavesiroop-licht-mild-350-gram,De Traay Agavesiroop Licht (350 gram),Standaard,4.75,,,,8713406120105,
noototheek.nl,https://noototheek.nl/products/pompoenpitten,Pompoenpitten,Standaard,2.5,,,,6097343458418,
noototheek.nl,https://noototheek.nl/products/pompoenpitten,Pompoenpitten,Standaard,4.25,,,,6097352796716,
noototheek.nl,https://noototheek.nl/products/pompoenpitten,Pompoenpitten,Standaard,23.95,,,,6097343471424,
noototheek.nl,https://noototheek.nl/products/pompoenpitten,Pompoenpitten,Standaard,45.95,,,,6097344163199,
noototheek.nl,https://noototheek.nl/products/rozijnen-geel-klein,Rozijnen Geel Klein,Standaard,3.95,,,,6097355752733,
noototheek.nl,https://noototheek.nl/products/rozijnen-geel-klein,Rozijnen Geel Klein,Standaard,76.95,,,,6097342856819,
noototheek.nl,https://noototheek.nl/products/krenten,Krenten,Standaard,4.95,,,,6097352463489,
noototheek.nl,https://noototheek.nl/products/krenten,Krenten,Standaard,94.95,,,,8719747060346,
noototheek.nl,https://noototheek.nl/products/chocolade-druppels-wit,Chocolade Druppels Wit,Standaard,7.95,,,,6097342926956,
noototheek.nl,https://noototheek.nl/products/chocolade-druppels-wit,Chocolade Druppels Wit,Standaard,154.95,,,,5410522654158,
noototheek.nl,https://noototheek.nl/products/chocolade-rozijnen-puur,Chocolade Rozijnen Puur,Standaard,3.95,,,,6097348093010,
noototheek.nl,https://noototheek.nl/products/chocolade-rozijnen-puur,Chocolade Rozijnen Puur,Standaard,11.25,,,,6097342580509,
noototheek.nl,https://noototheek.nl/products/chocolade-rozijnen-puur,Chocolade Rozijnen Puur,Standaard,69.95,,,,8715575003135,
noototheek.nl,https://noototheek.nl/products/sesamzaad-gepeld,Sesamzaad Gepeld,Standaard,2.95,,,,6097346884832,
noototheek.nl,https://noototheek.nl/products/sesamzaad-gepeld,Sesamzaad Gepeld,Standaard,18.95,,,,6097351550579,
noototheek.nl,https://noototheek.nl/products/speltvlokken,Speltvlokken,Standaard,1.95,,,,6097345761769,
noototheek.nl,https://noototheek.nl/products/speltvlokken,Speltvlokken,Standaard,72.95,,,,6097351890842,
noototheek.nl,https://noototheek.nl/products/cadeau-pakket-van-harte-gefeliciteerd-noten,Cadeau Pakket van Harte Gefeliciteerd! Noten,Standaard,34.99,,,,6097353646690,
noototheek.nl,https://noototheek.nl/products/terrasana-zonnebloempitpasta-met-zeezout-250-gram,Terrasana Zonnebloempitpasta Met Zeezout (250 gram),Standaard,2.95,,,,8713576100181,
noototheek.nl,https://noototheek.nl/products/hazelnoten-wit-geroosterd,Hazelnoten Wit Geroosterd,Standaard,8.95,,,,6097344299263,
noototheek.nl,https://noototheek.nl/products/hazelnoten-wit-geroosterd,Hazelnoten Wit Geroosterd,Standaard,82.95,,,,6097350438489,
noototheek.nl,https://noototheek.nl/products/hazelnoten-wit-geroosterd,Hazelnoten Wit Geroosterd,Standaard,149.95,,,,11,
noototheek.nl,https://noototheek.nl/products/pecannoten-ongebrand,Pecannoten Ongebrand,Standaard,5.95,,,,6097343746744,
noototheek.nl,https://noototheek.nl/products/pecannoten-ongebrand,Pecannoten Ongebrand,Standaard,13.49,,,,6097350772781,
noototheek.nl,https://noototheek.nl/products/pecannoten-ongebrand,Pecannoten Ongebrand,Standaard,274.95,,,,6097345820893,
noototheek.nl,https://noototheek.nl/products/walnoten-in-dop,Walnoten in Dop,Standaard,3.99,,,,6097344067039,
noototheek.nl,https://noototheek.nl/products/walnoten-in-dop,Walnoten in Dop,Standaard,44.5,,,,6097347360359,
noototheek.nl,https://noototheek.nl/products/chocolade-amandelen-melk,Chocolade Amandelen Melk,Standaard,6.49,,,,6097354354396,
noototheek.nl,https://noototheek.nl/products/chocolade-amandelen-melk,Chocolade Amandelen Melk,Standaard,89.95,,,,8715575002879,
noototheek.nl,https://noototheek.nl/products/abrikozen-ongezwaveld,Abrikozen Ongezwaveld,Standaard,7.95,,,,6097353810886,
noototheek.nl,https://noototheek.nl/products/abrikozen-ongezwaveld,Abrikozen Ongezwaveld,Standaard,15.95,,,,6097351091034,
noototheek.nl,https://noototheek.nl/products/abrikozen-ongezwaveld,Abrikozen Ongezwaveld,Standaard,96.95,,,,8697423060661,
noototheek.nl,https://noototheek.nl/products/chocolade-amandelen-karamel-zeezout,Chocolade Amandelen Karamel Zeezout,Standaard,5.49,,,,6097354213266,
noototheek.nl,https://noototheek.nl/products/chocolade-amandelen-karamel-zeezout,Chocolade Amandelen Karamel Zeezout,Standaard,15.95,,,,6097357397390,
noototheek.nl,https://noototheek.nl/products/chocolade-amandelen-karamel-zeezout,Chocolade Amandelen Karamel Zeezout,Standaard,84.95,,,,6097352456450,
noototheek.nl,https://noototheek.nl/products/doppindas,Doppinda's,Standaard,3.49,,,,6097349352390,
noototheek.nl,https://noototheek.nl/products/doppindas,Doppinda's,Standaard,89.99,,,,6097342421437,
noototheek.nl,https://noototheek.nl/products/gevriesdroogde-bramen,Gevriesdroogde Bramen,Standaard,6.75,,,,6097346649653,
noototheek.nl,https://noototheek.nl/products/gevriesdroogde-bramen,Gevriesdroogde Bramen,Standaard,38.95,,,,6097344516599,
noototheek.nl,https://noototheek.nl/products/gevriesdroogde-bramen,Gevriesdroogde Bramen,Standaard,81.95,,,,6097351613663,
noototheek.nl,https://noototheek.nl/products/kingbollen-mix,Kingbollen Mix,Standaard,2.25,,,,6097343959939,
noototheek.nl,https://noototheek.nl/products/kingbollen-mix,Kingbollen Mix,Standaard,5.95,,,,6097345136154,
noototheek.nl,https://noototheek.nl/products/kingbollen-mix,Kingbollen Mix,Standaard,49.95,,,,6097348467453,
noototheek.nl,https://noototheek.nl/products/ono-mix,Ono Mix,Standaard,2.25,,,,6097347297228,
noototheek.nl,https://noototheek.nl/products/ono-mix,Ono Mix,Standaard,5.95,,,,6097345825843,
noototheek.nl,https://noototheek.nl/products/ono-mix,Ono Mix,Standaard,49.95,,,,8715575015916,
noototheek.nl,https://noototheek.nl/product/pijnboompitten/,Pijnboompitten,Standaard,4.95,,,,6097346720765,
noototheek.nl,https://noototheek.nl/product/pijnboompitten/,Pijnboompitten,Standaard,34.95,,,,6097354390387,
noototheek.nl,https://noototheek.nl/product/pijnboompitten/,Pijnboompitten,Standaard,123.95,,,,6097351592586,
noototheek.nl,https://noototheek.nl/product/pijnboompitten/,Pijnboompitten,Standaard,214.95,,,,6097350345350,
noototheek.nl,https://noototheek.nl/products/amarenen-kersen,Amarenen Kersen,Standaard,2.95,,,,6097353577581,
noototheek.nl,https://noototheek.nl/products/amarenen-kersen,Amarenen Kersen,Standaard,126.95,,,,6097349480437,
noototheek.nl,https://noototheek.nl/products/chocolade-bananenchips-puur,Chocolade Bananenchips Puur,Standaard,4.25,,,,6097345335311,
noototheek.nl,https://noototheek.nl/products/chocolade-bananenchips-puur,Chocolade Bananenchips Puur,Standaard,11.75,,,,6097350869887,
noototheek.nl,https://noototheek.nl/products/chocolade-bananenchips-puur,Chocolade Bananenchips Puur,Standaard,54.95,,,,8715575004170,
noototheek.nl,https://noototheek.nl/products/granola-basis,Granola Basis,Standaard,4.99,,,,6097348559578,
noototheek.nl,https://noototheek.nl/products/granola-basis,Granola Basis,Standaard,59.95,,,,6097356748742,
noototheek.nl,https://noototheek.nl/products/shiitake-paddenstoelen-chips,Shiitake Paddenstoelen Chips,Standaard,8.95,,,,6097350877837,
noototheek.nl,https://noototheek.nl/products/shiitake-paddenstoelen-chips,Shiitake Paddenstoelen Chips,Standaard,402.5,,,,6097346154157,
noototheek.nl,https://noototheek.nl/products/nederlandse-balsemienhoning-450-gram_1000038317,Nederlandse Balsemienhoning (450 gram),Standaard,9.5,,,,8719128454467,
noototheek.nl,https://noototheek.nl/products/fudge-vanille,Fudge Vanille,Standaard,3.25,,,,6097346713705,
noototheek.nl,https://noototheek.nl/products/fudge-vanille,Fudge Vanille,Standaard,28.95,,,,5410448233017,
noototheek.nl,https://noototheek.nl/products/zonnebloempitten-in-dop-geroosterd-gezouten,Zonnebloempitten in Dop Geroosterd & Gezouten,Standaard,2.25,,,,,
noototheek.nl,https://noototheek.nl/products/zonnebloempitten-in-dop-geroosterd-gezouten,Zonnebloempitten in Dop Geroosterd & Gezouten,Standaard,6.99,,,,,
noototheek.nl,https://noototheek.nl/products/zonnebloempitten-in-dop-geroosterd-gezouten,Zonnebloempitten in Dop Geroosterd & Gezouten,Standaard,34.5,,,,,
noototheek.nl,https://noototheek.nl/products/risottos,Risotto's,Standaard,2.25,,,,6097346441431,
noototheek.nl,https://noototheek.nl/products/risottos,Risotto's,Standaard,5.95,,,,6097355159198,
noototheek.nl,https://noototheek.nl/products/risottos,Risotto's,Standaard,63.95,,,,6097346366307,
noototheek.nl,https://noototheek.nl/products/pindarotsjes-wit,Pindarotsjes Wit,Standaard,3.95,,,,6097353472411,
noototheek.nl,https://noototheek.nl/products/pindarotsjes-wit,Pindarotsjes Wit,Standaard,10.95,,,,6097342329344,
noototheek.nl,https://noototheek.nl/products/pindarotsjes-wit,Pindarotsjes Wit,Standaard,54.95,,,,8715575003333,
noototheek.nl,https://noototheek.nl/products/amandelspijs-500-gram,Amandelspijs (500 gram),Standaard,5.49,,,,8717624521836,
noototheek.nl,https://noototheek.nl/products/stroopwafel-stukjes,Stroopwafel Stukjes,Standaard,2.95,,,,6097344832859,
noototheek.nl,https://noototheek.nl/products/stroopwafel-stukjes,Stroopwafel Stukjes,Standaard,18.95,,,,6097357999983,
noototheek.nl,https://noototheek.nl/products/stroopwafel-stukjes,Stroopwafel Stukjes,Standaard,34.95,,,,6097343837817,
noototheek.nl,https://noototheek.nl/products/gekarameliseerde-pindas-sesam,Gekarameliseerde Pinda's Sesam,Standaard,3.49,,,,6097349995948,
noototheek.nl,https://noototheek.nl/products/gekarameliseerde-pindas-sesam,Gekarameliseerde Pinda's Sesam,Standaard,49.99,,,,6097349951913,
noototheek.nl,https://noototheek.nl/products/katjang-cashew-bbq,Katjang Cashew BBQ,Standaard,4.95,,,,6097344412464,
noototheek.nl,https://noototheek.nl/products/katjang-cashew-bbq,Katjang Cashew BBQ,Standaard,74.95,,,,6097347024039,
noototheek.nl,https://noototheek.nl/products/kleine-vliespindas-ongebrand,Kleine Vliespinda's Ongebrand,Standaard,4.25,,,,6097349243247,
noototheek.nl,https://noototheek.nl/products/kleine-vliespindas-ongebrand,Kleine Vliespinda's Ongebrand,Standaard,94.99,,,,6097350947936,
noototheek.nl,https://noototheek.nl/products/safari-mix,Safari Mix,Standaard,6.5,,,,6097349724777,
noototheek.nl,https://noototheek.nl/products/safari-mix,Safari Mix,Standaard,10.95,,,,6097342496404,
noototheek.nl,https://noototheek.nl/products/safari-mix,Safari Mix,Standaard,43.95,,,,6097343991939,
noototheek.nl,https://noototheek.nl/products/safari-mix,Safari Mix,Standaard,79.95,,,,6097345051099,
noototheek.nl,https://noototheek.nl/products/chocolade-pindas-melk,Chocolade Pinda's Melk,Standaard,3.25,,,,6097354485458,
noototheek.nl,https://noototheek.nl/products/chocolade-pindas-melk,Chocolade Pinda's Melk,Standaard,9.49,,,,6097356163170,
noototheek.nl,https://noototheek.nl/products/chocolade-pindas-melk,Chocolade Pinda's Melk,Standaard,55.95,,,,8715575003067,
noototheek.nl,https://noototheek.nl/products/chocolade-pindas-yoghurt,Chocolade Pinda's Yoghurt,Standaard,4.49,,,,6097346783708,
noototheek.nl,https://noototheek.nl/products/chocolade-pindas-yoghurt,Chocolade Pinda's Yoghurt,Standaard,12.75,,,,6097348195189,
noototheek.nl,https://noototheek.nl/products/chocolade-pindas-yoghurt,Chocolade Pinda's Yoghurt,Standaard,67.49,,,,8715575003524,
noototheek.nl,https://noototheek.nl/products/chocolade-rozijnen-mix,Chocolade Rozijnen Mix,Standaard,3.95,,,,6097356647663,
noototheek.nl,https://noototheek.nl/products/chocolade-rozijnen-mix,Chocolade Rozijnen Mix,Standaard,11.25,,,,6097344629671,
noototheek.nl,https://noototheek.nl/products/chocolade-rozijnen-mix,Chocolade Rozijnen Mix,Standaard,64.95,,,,8715575003173,
noototheek.nl,https://noototheek.nl/products/moon-crackers,Moon Crackers,Standaard,2.25,,,,6097342375341,
noototheek.nl,https://noototheek.nl/products/moon-crackers,Moon Crackers,Standaard,5.95,,,,6097355450400,
noototheek.nl,https://noototheek.nl/products/moon-crackers,Moon Crackers,Standaard,49.95,,,,6097345881870,
noototheek.nl,https://noototheek.nl/products/melk-chocolade-aardbeien,Melk Chocolade Aardbeien,Standaard,6.95,,,,6097343950936,
noototheek.nl,https://noototheek.nl/products/melk-chocolade-aardbeien,Melk Chocolade Aardbeien,Standaard,20.49,,,,6097354522559,
noototheek.nl,https://noototheek.nl/products/melk-chocolade-aardbeien,Melk Chocolade Aardbeien,Standaard,79.95,,,,6097343453468,
noototheek.nl,https://noototheek.nl/products/gevriesdroogde-bananen-schijfjes,Gevriesdroogde Bananen Schijfjes,Standaard,5.95,,,,6097348620605,
noototheek.nl,https://noototheek.nl/products/gevriesdroogde-bananen-schijfjes,Gevriesdroogde Bananen Schijfjes,Standaard,32.95,,,,6097347784728,
noototheek.nl,https://noototheek.nl/products/gevriesdroogde-bananen-schijfjes,Gevriesdroogde Bananen Schijfjes,Standaard,52.95,,,,6097344285242,
noototheek.nl,https://noototheek.nl/products/voetbal-cadeaupakket-1,Voetbal Cadeaupakket,Standaard,18.95,,,,,
noototheek.nl,https://noototheek.nl/products/kokosolie-geurloos-500ml,Kokosolie Geurloos 500ml,Standaard,6.95,,,,6097345348373,
noototheek.nl,https://noototheek.nl/products/goma-arabe-salted-crackers,Goma Arabe Salted Crackers,Standaard,2.25,,,,6097347326355,
noototheek.nl,https://noototheek.nl/products/goma-arabe-salted-crackers,Goma Arabe Salted Crackers,Standaard,5.95,,,,6097346591570,
noototheek.nl,https://noototheek.nl/products/goma-arabe-salted-crackers,Goma Arabe Salted Crackers,Standaard,44.95,,,,6097342259252,
noototheek.nl,https://noototheek.nl/products/keto-ontbijt-mix,Keto Ontbijt Mix,Standaard,5.49,,,,6097355991958,
noototheek.nl,https://noototheek.nl/products/chocolade-tiramisu-amandelen,Chocolade Tiramisu Amandelen,Standaard,82.95,,,,6097345426415,
noototheek.nl,https://noototheek.nl/products/gedroogde-mango-ongezoet,Gedroogde Mango (Ongezoet),Standaard,4.95,,,,6097348168121,
noototheek.nl,https://noototheek.nl/products/gedroogde-mango-ongezoet,Gedroogde Mango (Ongezoet),Standaard,8.95,,,,6097347230232,
noototheek.nl,https://noototheek.nl/products/gedroogde-mango-ongezoet,Gedroogde Mango (Ongezoet),Standaard,94.95,,,,6009900392929,
noototheek.nl,https://noototheek.nl/products/gekarameliseerde-amandelen,Gekarameliseerde Amandelen,Standaard,4.5,,,,6097356885805,
noototheek.nl,https://noototheek.nl/products/gekarameliseerde-amandelen,Gekarameliseerde Amandelen,Standaard,74.95,,,,6097349812887,
noototheek.nl,https://noototheek.nl/products/cadeau-pakket-van-harte-beterschap,Cadeau Pakket van Harte Beterschap! Noten & Chocolade,Standaard,29.99,,,,6097353647666,
noototheek.nl,https://noototheek.nl/products/terrasana-ahornsiroop-klasse-c-jug-500ml,Terrasana Ahornsiroop Klasse C (500ml),Standaard,13.95,,,,8713576224368,
noototheek.nl,https://noototheek.nl/products/abrikozen-stukjes,Abrikozen Stukjes,Standaard,6.49,,,,6097344212255,
noototheek.nl,https://noototheek.nl/products/abrikozen-stukjes,Abrikozen Stukjes,Standaard,11.95,,,,6097344174195,
noototheek.nl,https://noototheek.nl/products/abrikozen-stukjes,Abrikozen Stukjes,Standaard,115.95,,,,6097345721763,
noototheek.nl,https://noototheek.nl/products/kokosmeel,Kokosmeel,Standaard,4.95,,,,6097347246264,
noototheek.nl,https://noototheek.nl/products/mexicanos,Mexicano's,Standaard,2.25,,,,6097347247292,
noototheek.nl,https://noototheek.nl/products/mexicanos,Mexicano's,Standaard,5.95,,,,6097347030061,
noototheek.nl,https://noototheek.nl/products/mexicanos,Mexicano's,Standaard,58.95,,,,6097349249270,
noototheek.nl,https://noototheek.nl/products/borrel-mix,Borrel Mix,Standaard,3.95,,,,6097344492459,
noototheek.nl,https://noototheek.nl/products/borrel-mix,Borrel Mix,Standaard,26.95,,,,6097344656615,
noototheek.nl,https://noototheek.nl/products/borrel-mix,Borrel Mix,Standaard,49.95,,,,6097345292270,
noototheek.nl,https://noototheek.nl/products/lumphun-mix,Lumphun Mix,Standaard,2.25,,,,6097350897859,
noototheek.nl,https://noototheek.nl/products/lumphun-mix,Lumphun Mix,Standaard,5.95,,,,6097344999927,
noototheek.nl,https://noototheek.nl/products/lumphun-mix,Lumphun Mix,Standaard,57.95,,,,6097344559510,
noototheek.nl,https://noototheek.nl/products/ajino-tayori,Ajino Tayori,Standaard,2.25,,,,6097345226275,
noototheek.nl,https://noototheek.nl/products/ajino-tayori,Ajino Tayori,Standaard,5.95,,,,6097342534502,
noototheek.nl,https://noototheek.nl/products/hazelnoten-bruin-ongebrand,Hazelnoten Bruin Ongebrand,Standaard,8.95,,,,6097346828898,
noototheek.nl,https://noototheek.nl/products/hazelnoten-bruin-ongebrand,Hazelnoten Bruin Ongebrand,Standaard,18.95,,,,6097349519571,
noototheek.nl,https://noototheek.nl/products/hazelnoten-bruin-ongebrand,Hazelnoten Bruin Ongebrand,Standaard,249.95,,,,6097350947905,
noototheek.nl,https://noototheek.nl/products/cashewnoten-stukjes-ongebrand,Cashewnoten Stukjes Ongebrand,Standaard,4.75,,,,6097343730798,
noototheek.nl,https://noototheek.nl/products/cashewnoten-stukjes-ongebrand,Cashewnoten Stukjes Ongebrand,Standaard,194.95,,,,6097342928905,
noototheek.nl,https://noototheek.nl/products/pecannoten-gebrand-ongezouten,Pecannoten Gebrand Ongezouten,Standaard,7.95,,,,6097344212262,
noototheek.nl,https://noototheek.nl/products/pecannoten-gebrand-ongezouten,Pecannoten Gebrand Ongezouten,Standaard,56.95,,,,6097346424472,
noototheek.nl,https://noototheek.nl/products/pecannoten-gebrand-ongezouten,Pecannoten Gebrand Ongezouten,Standaard,104.95,,,,6097353816888,
noototheek.nl,https://noototheek.nl/collections/rozijnen-en-krenten-gedroogd-fruit,Rozijnen en Krenten(6),Standaard,3.95,,,,,
noototheek.nl,https://noototheek.nl/products/dadels-zonder-pit,Dadels Zonder Pit,Standaard,3.25,,,,6097351838844,
noototheek.nl,https://noototheek.nl/products/dadels-zonder-pit,Dadels Zonder Pit,Standaard,27.95,,,,3191220000578,
noototheek.nl,https://noototheek.nl/product/havervlokken/?_gl=1*fkibgh*_up*MQ..*_gs*MQ..&gclid=Cj0KCQiA4fi7BhC5ARIsAEV1YiaJq3fiO13y4pTFzBhruIwPV5PoSL9BVUtFDVhVXPOWQBET3NXBWrkaAqWdEALw_wcB,Havervlokken Grof,Standaard,1.45,,,,6097344116195,
noototheek.nl,https://noototheek.nl/product/havervlokken/?_gl=1*fkibgh*_up*MQ..*_gs*MQ..&gclid=Cj0KCQiA4fi7BhC5ARIsAEV1YiaJq3fiO13y4pTFzBhruIwPV5PoSL9BVUtFDVhVXPOWQBET3NXBWrkaAqWdEALw_wcB,Havervlokken Grof,Standaard,6.49,,,,6097351128181,
noototheek.nl,https://noototheek.nl/products/gekarameliseerde-pecannoten,Gekarameliseerde Pecannoten,Standaard,7.49,,,,6097347637604,
noototheek.nl,https://noototheek.nl/products/gekarameliseerde-pecannoten,Gekarameliseerde Pecannoten,Standaard,105.95,,,,6097353118180,
noototheek.nl,https://noototheek.nl/products/ananas-blokjes,Ananas Blokjes,Standaard,4.25,,,,6097347129109,
noototheek.nl,https://noototheek.nl/products/ananas-blokjes,Ananas Blokjes,Standaard,14.75,,,,6097349215244,
noototheek.nl,https://noototheek.nl/products/ananas-blokjes,Ananas Blokjes,Standaard,49.99,,,,6097353583568,
noototheek.nl,https://noototheek.nl/products/cranberrys-appeldiksap,Cranberry's Appeldiksap,Standaard,5.95,,,,6097342538593,
noototheek.nl,https://noototheek.nl/products/cranberrys-appeldiksap,Cranberry's Appeldiksap,Standaard,112.95,,,,6097344519552,
noototheek.nl,https://noototheek.nl/products/honey-mix-deluxe,Honey Mix Deluxe,Standaard,5.95,,,,6097345999971,
noototheek.nl,https://noototheek.nl/products/honey-mix-deluxe,Honey Mix Deluxe,Standaard,52.95,,,,6097353183157,
noototheek.nl,https://noototheek.nl/products/healthy-berry-mix,Healthy Berry Mix,Standaard,5.95,,,,6097342930977,
noototheek.nl,https://noototheek.nl/products/healthy-berry-mix,Healthy Berry Mix,Standaard,49.95,,,,6097346386374,
noototheek.nl,https://noototheek.nl/products/cadeau-pakket-fijne-feestdagen-2,Cadeau Pakket Fijne Feestdagen! Noten & Chocolade 2,Standaard,29.99,,,,6097345748739,
noototheek.nl,https://noototheek.nl/products/amandelen-wit-geroosterd,Amandelen Wit Geroosterd,Standaard,7.75,,,,6097343966951,
noototheek.nl,https://noototheek.nl/products/amandelen-wit-geroosterd,Amandelen Wit Geroosterd,Standaard,46.95,,,,6097350337331,
noototheek.nl,https://noototheek.nl/products/amandelen-wit-geroosterd,Amandelen Wit Geroosterd,Standaard,89.95,,,,6097348741768,
noototheek.nl,https://noototheek.nl/products/amandelmeel,Amandelmeel,Standaard,7.95,,,,6097352133153,
noototheek.nl,https://noototheek.nl/products/amandelmeel,Amandelmeel,Standaard,14.45,,,,6097357718713,
noototheek.nl,https://noototheek.nl/products/amandelmeel,Amandelmeel,Standaard,149.95,,,,6097349397322,
noototheek.nl,https://noototheek.nl/products/pindakaas-350-gram,Pindakaas,Standaard,3.49,,,,6097344544547,
noototheek.nl,https://noototheek.nl/products/pindakaas-350-gram,Pindakaas,Standaard,9.75,,,,6097345361303,
noototheek.nl,https://noototheek.nl/products/pindakaas-350-gram,Pindakaas,Standaard,17.95,,,,6097345610647,
noototheek.nl,https://noototheek.nl/products/chili-rice-crackers,Chili Rice Crackers,Standaard,2.25,,,,6097343482406,
noototheek.nl,https://noototheek.nl/products/chili-rice-crackers,Chili Rice Crackers,Standaard,5.95,,,,6097356262279,
noototheek.nl,https://noototheek.nl/products/chili-rice-crackers,Chili Rice Crackers,Standaard,48.95,,,,6097348161146,
noototheek.nl,https://noototheek.nl/product/havermout/,Havermout,Standaard,1.45,,,,6097342761700,
noototheek.nl,https://noototheek.nl/product/havermout/,Havermout,Standaard,6.49,,,,6097353371394,
noototheek.nl,https://noototheek.nl/products/ahornsiroop-klasse-c-1000ml,Ahornsiroop Klasse C (1000ml),Standaard,23.95,,,,6097346731785,
noototheek.nl,https://noototheek.nl/products/gevriesdroogd-banaan-poeder,Gevriesdroogd Banaan Poeder,Standaard,6.95,,,,6097347257215,
noototheek.nl,https://noototheek.nl/products/zonnebloempitten,Zonnebloempitten,Standaard,1.25,,,,6097348753761,
noototheek.nl,https://noototheek.nl/products/zonnebloempitten,Zonnebloempitten,Standaard,2.25,,,,6097356913973,
noototheek.nl,https://noototheek.nl/products/zonnebloempitten,Zonnebloempitten,Standaard,9.95,,,,6097352991999,
noototheek.nl,https://noototheek.nl/products/zonnebloempitten,Zonnebloempitten,Standaard,18.95,,,,6097356578509,
noototheek.nl,https://noototheek.nl/products/gevriesdroogde-dragonfruit-blokjes,Gevriesdroogde Dragonfruit Blokjes,Standaard,8.95,,,,6097350797784,
noototheek.nl,https://noototheek.nl/products/terrasana-tahin-wit-250-gram,Terrasana Tahin Wit (250 gram),Standaard,4.49,,,,8713576100112,
noototheek.nl,https://noototheek.nl/products/smoke-house-mix,Smoke House Mix,Standaard,6.5,,,,6097346538582,
noototheek.nl,https://noototheek.nl/products/smoke-house-mix,Smoke House Mix,Standaard,39.95,,,,6097345518530,
noototheek.nl,https://noototheek.nl/products/smoke-house-mix,Smoke House Mix,Standaard,74.95,,,,6097356131124,
noototheek.nl,https://noototheek.nl/products/cadeau-pakket-van-harte-beterschap-noten-chocolade-2,Cadeau Pakket van Harte Beterschap! Noten & Chocolade 2,Standaard,29.99,,,,6097357047004,
noototheek.nl,https://noototheek.nl/products/crunchy-muesli,Crunchy Muesli,Standaard,6.95,,,,6097345567521,
noototheek.nl,https://noototheek.nl/products/gedroogde-kersen-ongezoet,Gedroogde Kersen (Ongezoet),Standaard,4.95,,,,6097356817882,
noototheek.nl,https://noototheek.nl/products/gedroogde-kersen-ongezoet,Gedroogde Kersen (Ongezoet),Standaard,74.95,,,,6097346239229,
noototheek.nl,https://noototheek.nl/products/zwarte-sojabonen-geroosterd,Zwarte Sojabonen Geroosterd,Standaard,2.5,,,,6097344162154,
noototheek.nl,https://noototheek.nl/products/zwarte-sojabonen-geroosterd,Zwarte Sojabonen Geroosterd,Standaard,69.95,,,,6097346140112,
noototheek.nl,https://noototheek.nl/product/luxe-notenmix-raw/?_gl=1*12ylx6z*_up*MQ..*_gs*MQ..&gclid=Cj0KCQiAvvO7BhC-ARIsAGFyToWnEUR9FH_mgSZNvvNOw81WRTz0iwEwJPllCOkKt98-Bp1yMQ5LDUAaAkxIEALw_wcB,Luxe Notenmix Ongebrand,Standaard,6.5,,,,6097344336333,
noototheek.nl,https://noototheek.nl/product/luxe-notenmix-raw/?_gl=1*12ylx6z*_up*MQ..*_gs*MQ..&gclid=Cj0KCQiAvvO7BhC-ARIsAGFyToWnEUR9FH_mgSZNvvNOw81WRTz0iwEwJPllCOkKt98-Bp1yMQ5LDUAaAkxIEALw_wcB,Luxe Notenmix Ongebrand,Standaard,12.95,,,,6097349233262,
noototheek.nl,https://noototheek.nl/product/luxe-notenmix-raw/?_gl=1*12ylx6z*_up*MQ..*_gs*MQ..&gclid=Cj0KCQiAvvO7BhC-ARIsAGFyToWnEUR9FH_mgSZNvvNOw81WRTz0iwEwJPllCOkKt98-Bp1yMQ5LDUAaAkxIEALw_wcB,Luxe Notenmix Ongebrand,Standaard,49.95,,,,6097357379389,
noototheek.nl,https://noototheek.nl/products/kokosrasp,Kokosrasp,Standaard,3.49,,,,6097349959940,
noototheek.nl,https://noototheek.nl/products/kokosrasp,Kokosrasp,Standaard,15.95,,,,6097342350300,
noototheek.nl,https://noototheek.nl/products/keto-ontbijtpakket,Keto Ontbijtpakket,Standaard,12.95,,,,6097349379397,
noototheek.nl,https://noototheek.nl/products/lijnzaad-heel,Lijnzaad Heel,Standaard,2.25,,,,6097344713783,
noototheek.nl,https://noototheek.nl/products/lijnzaad-heel,Lijnzaad Heel,Standaard,15.95,,,,6097353527524,
noototheek.nl,https://noototheek.nl/products/bakvaste-chocolade-druppels-melk,Bakvaste Chocolade Druppels Melk,Standaard,7.49,,,,6097345959913,
noototheek.nl,https://noototheek.nl/products/gevriesdroogde-aardbeien-blokjes,Gevriesdroogde Aardbeien Blokjes,Standaard,5.75,,,,6097348764729,
noototheek.nl,https://noototheek.nl/products/gevriesdroogde-aardbeien-blokjes,Gevriesdroogde Aardbeien Blokjes,Standaard,27.95,,,,6097348282223,
noototheek.nl,https://noototheek.nl/products/tex-mex-cashewnoten,Tex Mex Cashewnoten,Standaard,4.95,,,,6097342665671,
noototheek.nl,https://noototheek.nl/products/tex-mex-cashewnoten,Tex Mex Cashewnoten,Standaard,42.49,,,,6097346919992,
noototheek.nl,https://noototheek.nl/products/tex-mex-cashewnoten,Tex Mex Cashewnoten,Standaard,83.95,,,,6097355765719,
noototheek.nl,https://noototheek.nl/products/ondeugende-mix,Ondeugende Mix,Standaard,4.95,,,,6097352169107,
noototheek.nl,https://noototheek.nl/products/ondeugende-mix,Ondeugende Mix,Standaard,35.95,,,,6097345649616,
noototheek.nl,https://noototheek.nl/products/ondeugende-mix,Ondeugende Mix,Standaard,67.5,,,,6097349126175,
noototheek.nl,https://noototheek.nl/products/cacao-nibs,Cacao Nibs,Standaard,7.95,,,,6097351958900,
noototheek.nl,https://noototheek.nl/products/cacao-nibs,Cacao Nibs,Standaard,17.95,,,,6097355582514,
noototheek.nl,https://noototheek.nl/products/cacao-nibs,Cacao Nibs,Standaard,559.95,,,,5410522173147,
noototheek.nl,https://noototheek.nl/products/nappioko-mix,Nappioko Mix,Standaard,2.25,,,,6097348814820,
noototheek.nl,https://noototheek.nl/products/nappioko-mix,Nappioko Mix,Standaard,5.95,,,,6097353825804,
noototheek.nl,https://noototheek.nl/products/nappioko-mix,Nappioko Mix,Standaard,57.95,,,,6097344742783,
noototheek.nl,https://noototheek.nl/products/overnight-oats-cacao-hazelnoot,Overnight Oats Cacao Hazelnoot,Standaard,6.95,,,,6097348145108,
noototheek.nl,https://noototheek.nl/products/overnight-oats-cacao-hazelnoot,Overnight Oats Cacao Hazelnoot,Standaard,19.25,,,,6097351167128,
noototheek.nl,https://noototheek.nl/products/yoghurt-chocolade-frambozen,Yoghurt Chocolade Frambozen,Standaard,8.95,,,,6097342059067,
noototheek.nl,https://noototheek.nl/products/yoghurt-chocolade-frambozen,Yoghurt Chocolade Frambozen,Standaard,23.95,,,,6097343618652,
noototheek.nl,https://noototheek.nl/products/yoghurt-chocolade-frambozen,Yoghurt Chocolade Frambozen,Standaard,99.95,,,,6097353232251,
noototheek.nl,https://noototheek.nl/products/fire-mix,Fire Mix,Standaard,2.25,,,,6097342637609,
noototheek.nl,https://noototheek.nl/products/fire-mix,Fire Mix,Standaard,5.95,,,,6097347619648,
noototheek.nl,https://noototheek.nl/products/fire-mix,Fire Mix,Standaard,63.95,,,,6097349461436,
noototheek.nl,https://noototheek.nl/products/olijfolie-extra-vierge-500ml,Olijfolie Extra Vierge 500ml,Standaard,9.95,,,,6097347980915,
noototheek.nl,https://noototheek.nl/products/pindarotsjes-puur,Pindarotsjes Puur,Standaard,4.25,,,,6097349014014,
noototheek.nl,https://noototheek.nl/products/pindarotsjes-puur,Pindarotsjes Puur,Standaard,11.95,,,,6097348291201,
noototheek.nl,https://noototheek.nl/products/pindarotsjes-puur,Pindarotsjes Puur,Standaard,56.95,,,,8715575003326,
noototheek.nl,https://noototheek.nl/products/chocolade-pindas-puur,Chocolade Pinda's Puur,Standaard,3.49,,,,6097353155154,
noototheek.nl,https://noototheek.nl/products/chocolade-pindas-puur,Chocolade Pinda's Puur,Standaard,9.95,,,,6097345985905,
noototheek.nl,https://noototheek.nl/products/chocolade-pindas-puur,Chocolade Pinda's Puur,Standaard,59.95,,,,8715575003081,
noototheek.nl,https://noototheek.nl/products/granola-chocolade-puur,Granola Chocolade Puur,Standaard,5.49,,,,6097347062048,
noototheek.nl,https://noototheek.nl/products/granola-chocolade-puur,Granola Chocolade Puur,Standaard,64.95,,,,6097347469427,
noototheek.nl,https://noototheek.nl/products/pure-chocolade-aardbeien,Pure Chocolade Aardbeien,Standaard,7.95,,,,6097355085077,
noototheek.nl,https://noototheek.nl/products/pure-chocolade-aardbeien,Pure Chocolade Aardbeien,Standaard,23.25,,,,6097344917983,
noototheek.nl,https://noototheek.nl/products/pure-chocolade-aardbeien,Pure Chocolade Aardbeien,Standaard,99.95,,,,6097354920928,
noototheek.nl,https://noototheek.nl/products/muesli-noten,Muesli Noten,Standaard,4.25,,,,6097344159130,
noototheek.nl,https://noototheek.nl/products/notenpasta-200-gram,Notenpasta (200 gram),Standaard,3.95,,,,6097355095083,
noototheek.nl,https://noototheek.nl/products/sesamzaad-geroosterd,Sesamzaad Geroosterd,Standaard,2.95,,,,6097352192105,
noototheek.nl,https://noototheek.nl/products/sesamzaad-geroosterd,Sesamzaad Geroosterd,Standaard,18.75,,,,6097342973981,
noototheek.nl,https://noototheek.nl/products/kokosolie-voordeelbundel,Kokosolie Voordeelbundel,Standaard,13.95,,,,6097344652600,
noototheek.nl,https://noototheek.nl/products/gember-power-duo,Gember Power Duo,Standaard,18.95,,,,6097356085014,
noototheek.nl,https://noototheek.nl/products/pistachenoten-ongebrand-gepeld-donkergroen,Pistachenoten Ongebrand & Gepeld (Donkergroen),Standaard,7.95,,,,6097350610649,
noototheek.nl,https://noototheek.nl/products/pistachenoten-ongebrand-gepeld-donkergroen,Pistachenoten Ongebrand & Gepeld (Donkergroen),Standaard,745.0,,,,69,
noototheek.nl,https://noototheek.nl/products/appel-kaneel-mix,Appel Kaneel Mix,Standaard,5.95,,,,6097350026075,
noototheek.nl,https://noototheek.nl/products/appel-kaneel-mix,Appel Kaneel Mix,Standaard,42.5,,,,6097354854841,
noototheek.nl,https://noototheek.nl/products/appel-kaneel-mix,Appel Kaneel Mix,Standaard,79.95,,,,6097346937941,
noototheek.nl,https://noototheek.nl/products/cadeau-pakket-van-harte-beterschap-chocolade,Cadeau Pakket van Harte Beterschap! Chocolade,Standaard,29.99,,,,6097348171121,
noototheek.nl,https://noototheek.nl/product/gedroogde-vijgen/,Gedroogde Vijgen,Standaard,5.95,,,,6097352675639,
noototheek.nl,https://noototheek.nl/product/gedroogde-vijgen/,Gedroogde Vijgen,Standaard,14.95,,,,6097344936977,
noototheek.nl,https://noototheek.nl/product/gedroogde-vijgen/,Gedroogde Vijgen,Standaard,85.95,,,,8697423060005,
noototheek.nl,https://noototheek.nl/products/boerenmix,Boerenmix,Standaard,6.5,,,,6097353311345,
noototheek.nl,https://noototheek.nl/products/boerenmix,Boerenmix,Standaard,35.95,,,,6097343718765,
noototheek.nl,https://noototheek.nl/products/boerenmix,Boerenmix,Standaard,69.95,,,,6097352216207,
noototheek.nl,https://noototheek.nl/products/chocolade-dadels-puur,Chocolade Dadels Puur,Standaard,5.49,,,,6097351637621,
noototheek.nl,https://noototheek.nl/products/chocolade-dadels-puur,Chocolade Dadels Puur,Standaard,14.95,,,,6097348397316,
noototheek.nl,https://noototheek.nl/products/chocolade-dadels-puur,Chocolade Dadels Puur,Standaard,59.95,,,,8715575011413,
noototheek.nl,https://noototheek.nl/products/kokosolie-extra-virgin-500-ml,Kokosolie extra virgin 500 ml,Standaard,8.95,,,,6097345249205,
noototheek.nl,https://noototheek.nl/products/pindas-gebrand-gezouten,Pinda's Gebrand & Gezouten,Standaard,2.99,,,,6097346451447,
noototheek.nl,https://noototheek.nl/products/pindas-gebrand-gezouten,Pinda's Gebrand & Gezouten,Standaard,4.75,,,,6097351153176,
noototheek.nl,https://noototheek.nl/products/pindas-gebrand-gezouten,Pinda's Gebrand & Gezouten,Standaard,18.49,,,,6097355929913,
noototheek.nl,https://noototheek.nl/products/pindas-gebrand-gezouten,Pinda's Gebrand & Gezouten,Standaard,32.99,,,,6097353493409,
noototheek.nl,https://noototheek.nl/products/chocolade-cashewnoten-yoghurt,Chocolade Cashewnoten Yoghurt,Standaard,4.95,,,,6097343227281,
noototheek.nl,https://noototheek.nl/products/chocolade-cashewnoten-yoghurt,Chocolade Cashewnoten Yoghurt,Standaard,69.95,,,,8715575002824,
noototheek.nl,https://noototheek.nl/products/gepelde-walnoten,Gepelde Walnoten,Standaard,4.25,,,,6097342432440,
noototheek.nl,https://noototheek.nl/products/gepelde-walnoten,Gepelde Walnoten,Standaard,7.45,,,,6097345291235,
noototheek.nl,https://noototheek.nl/products/gepelde-walnoten,Gepelde Walnoten,Standaard,124.95,,,,6097353352348,
noototheek.nl,https://noototheek.nl/products/chocolade-gember-puur,Chocolade Gember Puur,Standaard,6.75,,,,6097343026082,
noototheek.nl,https://noototheek.nl/products/chocolade-gember-puur,Chocolade Gember Puur,Standaard,19.49,,,,6097348253216,
noototheek.nl,https://noototheek.nl/products/chocolade-gember-puur,Chocolade Gember Puur,Standaard,79.95,,,,8715575009595,
noototheek.nl,https://noototheek.nl/products/overnight-oats-mango,Overnight Oats Mango,Standaard,6.75,,,,6097349576536,
noototheek.nl,https://noototheek.nl/products/overnight-oats-mango,Overnight Oats Mango,Standaard,18.49,,,,6097343014041,
noototheek.nl,https://noototheek.nl/products/zacht-fruit,Zacht Fruit,Standaard,3.95,,,,6097351748747,
noototheek.nl,https://noototheek.nl/products/zacht-fruit,Zacht Fruit,Standaard,8.95,,,,8710224027630,
noototheek.nl,https://noototheek.nl/products/zacht-fruit,Zacht Fruit,Standaard,29.95,,,,8710224127637,
noototheek.nl,https://noototheek.nl/products/notenmix-geroosterd,Notenmix Geroosterd,Standaard,4.95,,,,6097346914966,
noototheek.nl,https://noototheek.nl/products/notenmix-geroosterd,Notenmix Geroosterd,Standaard,12.95,,,,6097342734780,
noototheek.nl,https://noototheek.nl/products/notenmix-geroosterd,Notenmix Geroosterd,Standaard,49.95,,,,6097350292265,
noototheek.nl,https://noototheek.nl/products/notenmix-geroosterd,Notenmix Geroosterd,Standaard,96.95,,,,6097342674635,
noototheek.nl,https://noototheek.nl/products/gember-snippers-fiji-450-gram,Gember Snippers Fiji (450 gram),Standaard,4.5,,,,8716405000065,
noototheek.nl,https://noototheek.nl/products/borrelnoten-chili,Borrelnoten Chili,Standaard,3.49,,,,6097347210272,
noototheek.nl,https://noototheek.nl/products/borrelnoten-chili,Borrelnoten Chili,Standaard,82.95,,,,6097342168189,
noototheek.nl,https://noototheek.nl/products/chiazaad,Chiazaad,Standaard,3.95,,,,6097344185122,
noototheek.nl,https://noototheek.nl/products/chiazaad,Chiazaad,Standaard,26.95,,,,6097351131112,
noototheek.nl,https://noototheek.nl/products/frisia-haegse-kruidkoekmix,Frisia Haegse Kruidkoekmix,Standaard,3.49,,,,8710691802952,
noototheek.nl,https://noototheek.nl/product/goji-bessen/?_gl=1*ctxdhv*_up*MQ..*_gs*MQ..&gclid=Cj0KCQiA4fi7BhC5ARIsAEV1YibfDhVqQr5qqO4nCpFUMuHceej7pvohQlQ-l9niyguFjOKzZcu62C8aAr7iEALw_wcB,Goji Bessen,Standaard,4.95,,,,6097349030076,
noototheek.nl,https://noototheek.nl/product/goji-bessen/?_gl=1*ctxdhv*_up*MQ..*_gs*MQ..&gclid=Cj0KCQiA4fi7BhC5ARIsAEV1YibfDhVqQr5qqO4nCpFUMuHceej7pvohQlQ-l9niyguFjOKzZcu62C8aAr7iEALw_wcB,Goji Bessen,Standaard,9.95,,,,6097352447434,
noototheek.nl,https://noototheek.nl/product/goji-bessen/?_gl=1*ctxdhv*_up*MQ..*_gs*MQ..&gclid=Cj0KCQiA4fi7BhC5ARIsAEV1YibfDhVqQr5qqO4nCpFUMuHceej7pvohQlQ-l9niyguFjOKzZcu62C8aAr7iEALw_wcB,Goji Bessen,Standaard,39.95,,,,6097347458414,
noototheek.nl,https://noototheek.nl/products/chocolade-kaneel-amandelen,Chocolade Kaneel Amandelen,Standaard,4.95,,,,6097357731750,
noototheek.nl,https://noototheek.nl/products/chocolade-kaneel-amandelen,Chocolade Kaneel Amandelen,Standaard,79.95,,,,6097349489416,
noototheek.nl,https://noototheek.nl/products/macadamia-noten-geroosterd,Macadamia Noten Geroosterd,Standaard,7.95,,,,6097345164119,
noototheek.nl,https://noototheek.nl/products/macadamia-noten-geroosterd,Macadamia Noten Geroosterd,Standaard,79.49,,,,6097342325346,
noototheek.nl,https://noototheek.nl/products/macadamia-noten-geroosterd,Macadamia Noten Geroosterd,Standaard,149.95,,,,6097356631655,
noototheek.nl,https://noototheek.nl/products/groente-chips,Groente Chips,Standaard,3.75,,,,6097342084076,
noototheek.nl,https://noototheek.nl/products/groente-chips,Groente Chips,Standaard,29.75,,,,6097352015046,
noototheek.nl,https://noototheek.nl/products/groente-chips,Groente Chips,Standaard,149.95,,,,6097348346352,
noototheek.nl,https://noototheek.nl/products/pindas-geroosterd,Pinda's Geroosterd,Standaard,2.99,,,,6097351818853,
noototheek.nl,https://noototheek.nl/products/pindas-geroosterd,Pinda's Geroosterd,Standaard,18.49,,,,6097345254209,
noototheek.nl,https://noototheek.nl/products/pindas-geroosterd,Pinda's Geroosterd,Standaard,32.99,,,,6097345596583,
noototheek.nl,https://noototheek.nl/products/amandelschaafsel,Amandelschaafsel,Standaard,3.25,,,,6097350552581,
noototheek.nl,https://noototheek.nl/products/amandelschaafsel,Amandelschaafsel,Standaard,5.25,,,,6097351092093,
noototheek.nl,https://noototheek.nl/products/amandelschaafsel,Amandelschaafsel,Standaard,164.95,,,,6097342940976,
noototheek.nl,https://noototheek.nl/products/speltbloem,Speltbloem,Standaard,4.49,,,,6097344251247,
noototheek.nl,https://noototheek.nl/products/amandelen-gerookt,Amandelen Gerookt,Standaard,6.49,,,,6097349251266,
noototheek.nl,https://noototheek.nl/products/amandelen-gerookt,Amandelen Gerookt,Standaard,189.95,,,,6097343779735,
noototheek.nl,https://noototheek.nl/products/borrelnoten-shanghai-knoflook,Borrelnoten Shanghai Knoflook,Standaard,1.95,,,,6097347717726,
noototheek.nl,https://noototheek.nl/products/borrelnoten-shanghai-knoflook,Borrelnoten Shanghai Knoflook,Standaard,39.95,,,,6097349040006,
noototheek.nl,https://noototheek.nl/products/pecannoten-geroosterd,Pecannoten Geroosterd,Standaard,7.95,,,,6097352571511,
noototheek.nl,https://noototheek.nl/products/pecannoten-geroosterd,Pecannoten Geroosterd,Standaard,56.95,,,,6097346910975,
noototheek.nl,https://noototheek.nl/products/pecannoten-geroosterd,Pecannoten Geroosterd,Standaard,104.95,,,,6097352029050,
noototheek.nl,https://noototheek.nl/products/soya-bean-crackers,Soya Bean Crackers,Standaard,2.25,,,,6097352632649,
noototheek.nl,https://noototheek.nl/products/soya-bean-crackers,Soya Bean Crackers,Standaard,5.95,,,,6097343494492,
noototheek.nl,https://noototheek.nl/products/soya-bean-crackers,Soya Bean Crackers,Standaard,48.95,,,,6097348986923,
noototheek.nl,https://noototheek.nl/products/cookie-fudge-rotsjes-wit,Cookie Fudge Rotsjes Wit,Standaard,4.95,,,,6097353233258,
noototheek.nl,https://noototheek.nl/products/cookie-fudge-rotsjes-wit,Cookie Fudge Rotsjes Wit,Standaard,13.75,,,,6097347798732,
noototheek.nl,https://noototheek.nl/products/cookie-fudge-rotsjes-wit,Cookie Fudge Rotsjes Wit,Standaard,52.49,,,,8715575016913,
noototheek.nl,https://noototheek.nl/products/dadels-medjoul-jumbo,Dadels Medjoul Jumbo,Standaard,7.95,,,,6097343491484,
noototheek.nl,https://noototheek.nl/products/dadels-medjoul-jumbo,Dadels Medjoul Jumbo,Standaard,69.95,,,,6097348531543,
noototheek.nl,https://noototheek.nl/products/cadeau-pakket-van-harte-gefeliciteerd-2,Cadeau Pakket van Harte Gefeliciteerd! Noten & Chocolade,Standaard,29.99,,,,6097348570528,
noototheek.nl,https://noototheek.nl/products/provencaalse-deluxe-mix,Provencaalse Deluxe Mix,Standaard,5.95,,,,6097349369398,
noototheek.nl,https://noototheek.nl/products/provencaalse-deluxe-mix,Provencaalse Deluxe Mix,Standaard,62.0,,,,6097354843852,
noototheek.nl,https://noototheek.nl/products/lijnzaad-blond,Lijnzaad Blond,Standaard,2.95,,,,6097347172167,
noototheek.nl,https://noototheek.nl/products/lijnzaad-blond,Lijnzaad Blond,Standaard,22.45,,,,6097342247280,
noototheek.nl,https://noototheek.nl/products/zure-abrikozen,Zure Abrikozen,Standaard,7.95,,,,6097344186167,
noototheek.nl,https://noototheek.nl/products/zure-abrikozen,Zure Abrikozen,Standaard,199.95,,,,6097345121181,
noototheek.nl,https://noototheek.nl/product/pistache-notenmix/,Pistache Notenmix,Standaard,7.95,,,,6097351240296,
noototheek.nl,https://noototheek.nl/product/pistache-notenmix/,Pistache Notenmix,Standaard,56.95,,,,6097355438446,
noototheek.nl,https://noototheek.nl/product/pistache-notenmix/,Pistache Notenmix,Standaard,109.95,,,,6097346151163,
noototheek.nl,https://noototheek.nl/products/terrasana-ahornsiroop-klasse-a-250ml,Terrasana Ahornsiroop Klasse A (250ml),Standaard,8.79,,,,8713576224115,
noototheek.nl,https://noototheek.nl/products/frisia-cake-mix,Frisia Cake Mix,Standaard,3.25,,,,8710691800958,
noototheek.nl,https://noototheek.nl/products/pistachenoten-gepeld-gebrand-ongezouten,Pistachenoten Gepeld Gebrand Ongezouten,Standaard,9.49,,,,6097355392397,
noototheek.nl,https://noototheek.nl/products/bier-mix,Bier Mix,Standaard,4.5,,,,6097352252229,
noototheek.nl,https://noototheek.nl/products/bier-mix,Bier Mix,Standaard,23.95,,,,6097349433402,
noototheek.nl,https://noototheek.nl/products/terrasana-tahin-dark-250-gram,Terrasana Tahin Dark (250 gram),Standaard,4.49,,,,8713576100808,
noototheek.nl,https://noototheek.nl/products/appel-kaneel-chips,Appel Kaneel Chips,Standaard,3.75,,,,6097347517593,
noototheek.nl,https://noototheek.nl/products/appel-kaneel-chips,Appel Kaneel Chips,Standaard,27.95,,,,6097343357384,
noototheek.nl,https://noototheek.nl/products/appel-kaneel-chips,Appel Kaneel Chips,Standaard,142.5,,,,6097357920987,
noototheek.nl,https://noototheek.nl/products/hazelnoot-stukjes-geroosterd,Hazelnoot Stukjes Geroosterd,Standaard,8.95,,,,6097349474474,
noototheek.nl,https://noototheek.nl/products/hazelnoot-stukjes-geroosterd,Hazelnoot Stukjes Geroosterd,Standaard,209.95,,,,6097348166110,
noototheek.nl,https://noototheek.nl/products/gevriesdroogde-mango-blokjes,Gevriesdroogde Mango Blokjes,Standaard,7.95,,,,6097349545594,
noototheek.nl,https://noototheek.nl/products/gevriesdroogde-mango-blokjes,Gevriesdroogde Mango Blokjes,Standaard,48.95,,,,6097347589576,
noototheek.nl,https://noototheek.nl/products/chocolade-bananenchips-melk,Chocolade Bananenchips Melk,Standaard,3.95,,,,6097349377379,
noototheek.nl,https://noototheek.nl/products/chocolade-bananenchips-melk,Chocolade Bananenchips Melk,Standaard,10.49,,,,6097346767708,
noototheek.nl,https://noototheek.nl/products/chocolade-bananenchips-melk,Chocolade Bananenchips Melk,Standaard,50.95,,,,8715575002930,
noototheek.nl,https://noototheek.nl/products/pistache-notenmix,Pistache Notenmix,Standaard,7.95,,,,6097351240296,
noototheek.nl,https://noototheek.nl/products/pistache-notenmix,Pistache Notenmix,Standaard,56.95,,,,6097355438446,
noototheek.nl,https://noototheek.nl/products/pistache-notenmix,Pistache Notenmix,Standaard,109.95,,,,6097346151163,
noototheek.nl,https://noototheek.nl/products/dadel-noten-kokos-bites,Dadel Noten Kokos Bites,Standaard,4.75,,,,6097348556515,
noototheek.nl,https://noototheek.nl/products/dadel-noten-kokos-bites,Dadel Noten Kokos Bites,Standaard,34.95,,,,6097343488484,
noototheek.nl,https://noototheek.nl/products/chocolade-pinda-mix,Chocolade Pinda Mix,Standaard,4.25,,,,6097346150104,
noototheek.nl,https://noototheek.nl/products/chocolade-pinda-mix,Chocolade Pinda Mix,Standaard,11.95,,,,6097345068097,
noototheek.nl,https://noototheek.nl/product/abrikozen/,Abrikozen,Standaard,6.95,,,,6097349957908,
noototheek.nl,https://noototheek.nl/product/abrikozen/,Abrikozen,Standaard,14.95,,,,6097354288271,
noototheek.nl,https://noototheek.nl/product/abrikozen/,Abrikozen,Standaard,94.95,,,,6097355014008,
noototheek.nl,https://noototheek.nl/products/goji-bessen,Goji Bessen,Standaard,4.95,,,,6097349030076,
noototheek.nl,https://noototheek.nl/products/goji-bessen,Goji Bessen,Standaard,9.95,,,,6097352447434,
noototheek.nl,https://noototheek.nl/products/goji-bessen,Goji Bessen,Standaard,39.95,,,,6097347458414,
noototheek.nl,https://noototheek.nl/products/bananenbrood-mix,Bananenbrood Mix,Standaard,4.75,,,,6097346756726,
noototheek.nl,https://noototheek.nl/products/bananenbrood-mix,Bananenbrood Mix,Standaard,139.95,,,,8723382394711,
noototheek.nl,https://noototheek.nl/products/rozijnen-geel-jumbo,Rozijnen Geel Jumbo,Standaard,4.75,,,,6097357794724,
noototheek.nl,https://noototheek.nl/products/rozijnen-geel-jumbo,Rozijnen Geel Jumbo,Standaard,82.95,,,,6097344066032,
noototheek.nl,https://noototheek.nl/products/amandelen-bruin-geroosterd,Amandelen Bruin Geroosterd,Standaard,6.5,,,,6097344667680,
noototheek.nl,https://noototheek.nl/products/amandelen-bruin-geroosterd,Amandelen Bruin Geroosterd,Standaard,38.95,,,,6097344292271,
noototheek.nl,https://noototheek.nl/products/amandelen-bruin-geroosterd,Amandelen Bruin Geroosterd,Standaard,67.95,,,,6097356910910,
noototheek.nl,https://noototheek.nl/products/yoghurt-rozijnen,Yoghurt Rozijnen,Standaard,3.75,,,,6097342572528,
noototheek.nl,https://noototheek.nl/products/yoghurt-rozijnen,Yoghurt Rozijnen,Standaard,10.49,,,,6097342465479,
noototheek.nl,https://noototheek.nl/products/yoghurt-rozijnen,Yoghurt Rozijnen,Standaard,58.95,,,,8715575003531,
noototheek.nl,https://noototheek.nl/products/dadels-medjoul-500-gram-doos,Dadels Medjoul 500 gram doos,Standaard,6.95,,,,7290108801958,
noototheek.nl,https://noototheek.nl/products/cadeau-pakket-fijne-feestdagen-chocolade,Cadeau Pakket Fijne Feestdagen! Chocolade,Standaard,29.99,,,,6097345548513,
noototheek.nl,https://noototheek.nl/products/boekweitmeel,Boekweitmeel,Standaard,4.95,,,,6097355278226,
noototheek.nl,https://noototheek.nl/collections/hazelnoten,Hazelnoten(12),Standaard,8.95,,,,,
noototheek.nl,https://noototheek.nl/products/chocolade-fruitrozijnen,Chocolade Fruitrozijnen,Standaard,3.95,,,,6097343344322,
noototheek.nl,https://noototheek.nl/products/chocolade-fruitrozijnen,Chocolade Fruitrozijnen,Standaard,11.25,,,,6097342469446,
noototheek.nl,https://noototheek.nl/products/chocolade-fruitrozijnen,Chocolade Fruitrozijnen,Standaard,69.95,,,,8715575003197,
noototheek.nl,https://noototheek.nl/collections/abrikozen,Abrikozen(5),Standaard,7.95,,,,,
noototheek.nl,https://noototheek.nl/products/macadamia-notenmix-ongezouten,Macadamia Notenmix Ongezouten,Standaard,7.95,,,,6097343077077,
noototheek.nl,https://noototheek.nl/products/macadamia-notenmix-ongezouten,Macadamia Notenmix Ongezouten,Standaard,13.5,,,,6097343248217,
noototheek.nl,https://noototheek.nl/products/macadamia-notenmix-ongezouten,Macadamia Notenmix Ongezouten,Standaard,50.95,,,,6097342749708,
noototheek.nl,https://noototheek.nl/products/macadamia-notenmix-ongezouten,Macadamia Notenmix Ongezouten,Standaard,96.95,,,,6097348751712,
noototheek.nl,https://noototheek.nl/product/zonnebloempitten/?_gl=1*wox0mn*_up*MQ..*_gs*MQ..&gclid=Cj0KCQiA4fi7BhC5ARIsAEV1YibfDhVqQr5qqO4nCpFUMuHceej7pvohQlQ-l9niyguFjOKzZcu62C8aAr7iEALw_wcB,Zonnebloempitten,Standaard,1.25,,,,6097348753761,
noototheek.nl,https://noototheek.nl/product/zonnebloempitten/?_gl=1*wox0mn*_up*MQ..*_gs*MQ..&gclid=Cj0KCQiA4fi7BhC5ARIsAEV1YibfDhVqQr5qqO4nCpFUMuHceej7pvohQlQ-l9niyguFjOKzZcu62C8aAr7iEALw_wcB,Zonnebloempitten,Standaard,2.25,,,,6097356913973,
noototheek.nl,https://noototheek.nl/product/zonnebloempitten/?_gl=1*wox0mn*_up*MQ..*_gs*MQ..&gclid=Cj0KCQiA4fi7BhC5ARIsAEV1YibfDhVqQr5qqO4nCpFUMuHceej7pvohQlQ-l9niyguFjOKzZcu62C8aAr7iEALw_wcB,Zonnebloempitten,Standaard,9.95,,,,6097352991999,
noototheek.nl,https://noototheek.nl/product/zonnebloempitten/?_gl=1*wox0mn*_up*MQ..*_gs*MQ..&gclid=Cj0KCQiA4fi7BhC5ARIsAEV1YibfDhVqQr5qqO4nCpFUMuHceej7pvohQlQ-l9niyguFjOKzZcu62C8aAr7iEALw_wcB,Zonnebloempitten,Standaard,18.95,,,,6097356578509,
noototheek.nl,https://noototheek.nl/products/gekarameliseerde-hazelnoten,Gekarameliseerde Hazelnoten,Standaard,8.95,,,,6097347784773,
noototheek.nl,https://noototheek.nl/products/gekarameliseerde-hazelnoten,Gekarameliseerde Hazelnoten,Standaard,159.95,,,,6097348825864,
noototheek.nl,https://noototheek.nl/products/gedroogde-blauwe-bessen,Gedroogde Blauwe Bessen,Standaard,7.95,,,,6097342146149,
noototheek.nl,https://noototheek.nl/products/gedroogde-blauwe-bessen,Gedroogde Blauwe Bessen,Standaard,224.95,,,,6097344074037,
noototheek.nl,https://noototheek.nl/products/honey-cashew-red-pepper,Honey Cashew Red Pepper,Standaard,5.95,,,,6097345132170,
noototheek.nl,https://noototheek.nl/products/honey-cashew-red-pepper,Honey Cashew Red Pepper,Standaard,49.95,,,,6097343662655,
noototheek.nl,https://noototheek.nl/products/premium-gember-drank-500ml,Premium Gember Drank 500ml,Standaard,9.95,,,,6097347925930,
noototheek.nl,https://noototheek.nl/products/macadamia-noten-gebrand-ongezouten,Macadamia Noten Gebrand & Ongezouten,Standaard,7.95,,,,6097355816893,
noototheek.nl,https://noototheek.nl/products/macadamia-noten-gebrand-ongezouten,Macadamia Noten Gebrand & Ongezouten,Standaard,20.95,,,,6097350192169,
noototheek.nl,https://noototheek.nl/products/macadamia-noten-gebrand-ongezouten,Macadamia Noten Gebrand & Ongezouten,Standaard,79.49,,,,6097354690623,
noototheek.nl,https://noototheek.nl/products/macadamia-noten-gebrand-ongezouten,Macadamia Noten Gebrand & Ongezouten,Standaard,155.95,,,,6097350513520,
noototheek.nl,https://noototheek.nl/products/chocolade-hazelnoten-yoghurt,Chocolade Hazelnoten Yoghurt,Standaard,4.95,,,,6097343277248,
noototheek.nl,https://noototheek.nl/products/chocolade-hazelnoten-yoghurt,Chocolade Hazelnoten Yoghurt,Standaard,13.75,,,,6097347379351,
noototheek.nl,https://noototheek.nl/products/chocolade-hazelnoten-yoghurt,Chocolade Hazelnoten Yoghurt,Standaard,69.95,,,,6097342779736,
noototheek.nl,https://noototheek.nl/products/pindarotsjes-caramel-zeezout,Pindarotsjes Caramel Zeezout,Standaard,3.95,,,,6097343457480,
noototheek.nl,https://noototheek.nl/products/pindarotsjes-caramel-zeezout,Pindarotsjes Caramel Zeezout,Standaard,10.95,,,,6097347866813,
noototheek.nl,https://noototheek.nl/products/pindarotsjes-caramel-zeezout,Pindarotsjes Caramel Zeezout,Standaard,52.95,,,,6097345732721,
noototheek.nl,https://noototheek.nl/products/curry-rice-crackers,Curry Rice Crackers,Standaard,2.25,,,,6097353181115,
noototheek.nl,https://noototheek.nl/products/curry-rice-crackers,Curry Rice Crackers,Standaard,5.95,,,,6097342636688,
noototheek.nl,https://noototheek.nl/products/curry-rice-crackers,Curry Rice Crackers,Standaard,56.95,,,,6097343692676,
noototheek.nl,https://noototheek.nl/products/cadeau-pakket-een-cadeautje-voor-jou-noten,Cadeau Pakket Een Cadeautje voor Jou! Noten,Standaard,34.99,,,,6097344682652,
noototheek.nl,https://noototheek.nl/products/gember-siroop-fiji-300ml,Gember Siroop Fiji (300ml),Standaard,3.5,,,,8716405000058,
noototheek.nl,https://noototheek.nl/products/granola-appel-kaneel,Granola Appel Kaneel,Standaard,5.49,,,,6097354861801,
noototheek.nl,https://noototheek.nl/products/granola-appel-kaneel,Granola Appel Kaneel,Standaard,64.95,,,,6097343419471,
noototheek.nl,https://noototheek.nl/products/grote-vliespindas-gebrand-gezouten,Grote Vliespinda's Gebrand & Gezouten,Standaard,3.5,,,,6097354790750,
noototheek.nl,https://noototheek.nl/products/grote-vliespindas-gebrand-gezouten,Grote Vliespinda's Gebrand & Gezouten,Standaard,18.49,,,,6097342237243,
noototheek.nl,https://noototheek.nl/products/grote-vliespindas-gebrand-gezouten,Grote Vliespinda's Gebrand & Gezouten,Standaard,32.99,,,,6097343444480,
noototheek.nl,https://noototheek.nl/products/pistachepasta-200-gram,Pistachepasta (200 gram),Standaard,7.95,,,,6097342926970,
noototheek.nl,https://noototheek.nl/products/bijenpollen-raw,Bijenpollen Raw,Standaard,9.95,,,,6097342894873,
noototheek.nl,https://noototheek.nl/products/bijenpollen-raw,Bijenpollen Raw,Standaard,24.49,,,,6097350243212,
noototheek.nl,https://noototheek.nl/products/bijenpollen-raw,Bijenpollen Raw,Standaard,625.0,,,,6097346928963,
noototheek.nl,https://noototheek.nl/products/omega-zadenmix,Omega Zadenmix,Standaard,4.95,,,,6097344674640,
noototheek.nl,https://noototheek.nl/products/room-nougat,Room Nougat,Standaard,3.75,,,,6097346829826,
noototheek.nl,https://noototheek.nl/products/room-nougat,Room Nougat,Standaard,17.99,,,,8713800254987,
noototheek.nl,https://noototheek.nl/products/cashewnoten-ongebrand,Cashewnoten Ongebrand,Standaard,5.49,,,,6097347366375,
noototheek.nl,https://noototheek.nl/products/cashewnoten-ongebrand,Cashewnoten Ongebrand,Standaard,10.95,,,,6097343930945,
noototheek.nl,https://noototheek.nl/products/cashewnoten-ongebrand,Cashewnoten Ongebrand,Standaard,289.95,,,,6097346050015,
noototheek.nl,https://noototheek.nl/products/granola-superfood,Granola Superfood,Standaard,5.49,,,,6097349448413,
noototheek.nl,https://noototheek.nl/products/granola-superfood,Granola Superfood,Standaard,64.95,,,,6097345378318,
noototheek.nl,https://noototheek.nl/products/notenpastas-proefpakket,Notenpasta's Proefpakket,Standaard,26.95,,,,6097348419414,
noototheek.nl,https://noototheek.nl/products/katjang-pedis,Katjang Pedis,Standaard,1.95,,,,6097346898891,
noototheek.nl,https://noototheek.nl/products/katjang-pedis,Katjang Pedis,Standaard,38.95,,,,6097346968952,
noototheek.nl,https://noototheek.nl/products/cranberry-fruitmix,Cranberry Fruitmix,Standaard,4.75,,,,6097353826825,
noototheek.nl,https://noototheek.nl/products/cranberry-fruitmix,Cranberry Fruitmix,Standaard,89.95,,,,8716797505629,
noototheek.nl,https://noototheek.nl/products/yoghurt-chocolade-aardbeien,Yoghurt Chocolade Aardbeien,Standaard,7.95,,,,6097347344311,
noototheek.nl,https://noototheek.nl/products/yoghurt-chocolade-aardbeien,Yoghurt Chocolade Aardbeien,Standaard,21.95,,,,6097342063095,
noototheek.nl,https://noototheek.nl/products/yoghurt-chocolade-aardbeien,Yoghurt Chocolade Aardbeien,Standaard,84.95,,,,6097353617621,
noototheek.nl,https://noototheek.nl/products/baked-round-original,Baked Round Original,Standaard,2.25,,,,6097353314322,
noototheek.nl,https://noototheek.nl/products/baked-round-original,Baked Round Original,Standaard,5.95,,,,6097347975904,
noototheek.nl,https://noototheek.nl/products/baked-round-original,Baked Round Original,Standaard,44.95,,,,6097346430466,
noototheek.nl,https://noototheek.nl/products/overnight-oats-aardbei,Overnight Oats Aardbei,Standaard,6.75,,,,6097349657617,
noototheek.nl,https://noototheek.nl/products/overnight-oats-aardbei,Overnight Oats Aardbei,Standaard,18.49,,,,6097342843895,
noototheek.nl,https://noototheek.nl/products/hazelnootpasta-200-gram,Hazelnootpasta (200 gram),Standaard,5.5,,,,6097343911920,
noototheek.nl,https://noototheek.nl/products/amandelmarsepein-500-gram,Amandelmarsepein (500 gram),Standaard,4.75,,,,8717624521768,
noototheek.nl,https://noototheek.nl/products/chocolade-hazelnoten-puur,Chocolade Hazelnoten Puur,Standaard,7.95,,,,6097348197138,
noototheek.nl,https://noototheek.nl/products/chocolade-hazelnoten-puur,Chocolade Hazelnoten Puur,Standaard,22.5,,,,6097347270221,
noototheek.nl,https://noototheek.nl/products/chocolade-hazelnoten-puur,Chocolade Hazelnoten Puur,Standaard,103.95,,,,6097346693601,
noototheek.nl,https://noototheek.nl/product/chiazaad/?_gl=1*cyd3iu*_up*MQ..*_gs*MQ..&gclid=Cj0KCQiAvvO7BhC-ARIsAGFyToWnEUR9FH_mgSZNvvNOw81WRTz0iwEwJPllCOkKt98-Bp1yMQ5LDUAaAkxIEALw_wcB,Chiazaad,Standaard,3.95,,,,6097344185122,
noototheek.nl,https://noototheek.nl/product/chiazaad/?_gl=1*cyd3iu*_up*MQ..*_gs*MQ..&gclid=Cj0KCQiAvvO7BhC-ARIsAGFyToWnEUR9FH_mgSZNvvNOw81WRTz0iwEwJPllCOkKt98-Bp1yMQ5LDUAaAkxIEALw_wcB,Chiazaad,Standaard,26.95,,,,6097351131112,
noototheek.nl,https://noototheek.nl/products/macadamia-noten-ongebrand,Macadamia Noten Ongebrand,Standaard,7.95,,,,6097353882807,
noototheek.nl,https://noototheek.nl/products/macadamia-noten-ongebrand,Macadamia Noten Ongebrand,Standaard,21.95,,,,6097345080044,
noototheek.nl,https://noototheek.nl/products/macadamia-noten-ongebrand,Macadamia Noten Ongebrand,Standaard,279.95,,,,6097354585530,
noototheek.nl,https://noototheek.nl/products/amandelen-bruin-ongebrand,Amandelen Bruin Ongebrand,Standaard,4.95,,,,6097348758773,
noototheek.nl,https://noototheek.nl/products/amandelen-bruin-ongebrand,Amandelen Bruin Ongebrand,Standaard,9.95,,,,6097343554516,
noototheek.nl,https://noototheek.nl/products/amandelen-bruin-ongebrand,Amandelen Bruin Ongebrand,Standaard,255.95,,,,6097342747735,
noototheek.nl,https://noototheek.nl/products/chocolade-cashewnoten-melk,Chocolade Cashewnoten Melk,Standaard,5.49,,,,6097344318308,
noototheek.nl,https://noototheek.nl/products/chocolade-cashewnoten-melk,Chocolade Cashewnoten Melk,Standaard,15.95,,,,6097344357345,
noototheek.nl,https://noototheek.nl/products/chocolade-cashewnoten-melk,Chocolade Cashewnoten Melk,Standaard,78.95,,,,8715575002954,
noototheek.nl,https://noototheek.nl/products/cadeau-pakket-van-harte-gefeliciteerd,Cadeau Pakket van Harte Gefeliciteerd! Noten & Chocolade 2,Standaard,29.99,,,,6097343095019,
noototheek.nl,https://noototheek.nl/products/pompoenpitpasta-met-zeezout-250-gram,Terrasana Pompoenpitpasta Met Zeezout (250 gram),Standaard,5.95,,,,8713576100273,
noototheek.nl,https://noototheek.nl/products/gedroogde-pruimen-zonder-pit,Gedroogde Pruimen Zonder Pit,Standaard,4.5,,,,6097347132123,
noototheek.nl,https://noototheek.nl/products/gedroogde-pruimen-zonder-pit,Gedroogde Pruimen Zonder Pit,Standaard,69.95,,,,6097342995907,
noototheek.nl,https://noototheek.nl/products/hazelnoten-wit-ongebrand,Hazelnoten Wit Ongebrand,Standaard,9.49,,,,6097342488492,
noototheek.nl,https://noototheek.nl/products/hazelnoten-wit-ongebrand,Hazelnoten Wit Ongebrand,Standaard,19.95,,,,6097349991964,
noototheek.nl,https://noototheek.nl/products/hazelnoten-wit-ongebrand,Hazelnoten Wit Ongebrand,Standaard,239.95,,,,6097342985984,
noototheek.nl,https://noototheek.nl/products/moerbeibessen,Moerbeibessen,Standaard,4.25,,,,6097342188118,
noototheek.nl,https://noototheek.nl/products/moerbeibessen,Moerbeibessen,Standaard,9.95,,,,6097349431460,
noototheek.nl,https://noototheek.nl/products/moerbeibessen,Moerbeibessen,Standaard,139.95,,,,8697423060166,
noototheek.nl,https://noototheek.nl/products/gedroogde-appel-stukjes,Gedroogde Appel Stukjes,Standaard,2.95,,,,6097344276295,
noototheek.nl,https://noototheek.nl/products/gedroogde-appel-stukjes,Gedroogde Appel Stukjes,Standaard,8.25,,,,6097350493471,
noototheek.nl,https://noototheek.nl/products/gedroogde-appel-stukjes,Gedroogde Appel Stukjes,Standaard,54.95,,,,8719747060148,
noototheek.nl,https://noototheek.nl/products/gevriesdroogde-aardbeien-schijfjes,Gevriesdroogde Aardbeien Schijfjes,Standaard,4.25,,,,6097351922987,
noototheek.nl,https://noototheek.nl/products/gevriesdroogde-aardbeien-schijfjes,Gevriesdroogde Aardbeien Schijfjes,Standaard,32.5,,,,6097343420446,
noototheek.nl,https://noototheek.nl/products/gevriesdroogde-aardbeien-schijfjes,Gevriesdroogde Aardbeien Schijfjes,Standaard,62.95,,,,6097350567578,
noototheek.nl,https://noototheek.nl/products/gevriesdroogde-aardbeien-schijfjes,Gevriesdroogde Aardbeien Schijfjes,Standaard,654.95,,,,8585056224676,
noototheek.nl,https://noototheek.nl/products/granola-voordeelpakket,Granola Voordeelpakket,Standaard,18.95,,,,6097356245265,
noototheek.nl,https://noototheek.nl/products/kokos-chips-smiles,Kokos Chips Smiles,Standaard,3.5,,,,6097347581501,
noototheek.nl,https://noototheek.nl/products/cranberrys-half,Cranberry's Half,Standaard,4.5,,,,6097350110163,
noototheek.nl,https://noototheek.nl/products/cranberrys-half,Cranberry's Half,Standaard,89.95,,,,6097343737711,
noototheek.nl,https://noototheek.nl/products/notenmix-stukjes,Notenmix Stukjes,Standaard,5.95,,,,6097351038060,
noototheek.nl,https://noototheek.nl/products/notenmix-stukjes,Notenmix Stukjes,Standaard,12.95,,,,6097343127154,
noototheek.nl,https://noototheek.nl/products/notenmix-stukjes,Notenmix Stukjes,Standaard,49.95,,,,6097342672662,
noototheek.nl,https://noototheek.nl/products/notenmix-stukjes,Notenmix Stukjes,Standaard,94.95,,,,6097347446473,
noototheek.nl,https://noototheek.nl/products/chocoladereep-wit-handgemaakt,Chocoladereep Wit Handgemaakt,Standaard,1.95,,,,6097343057093,
noototheek.nl,https://noototheek.nl/products/cashewnoten-gebrand-ongezouten,Cashewnoten Gebrand & Ongezouten,Standaard,6.5,,,,6097353643637,
noototheek.nl,https://noototheek.nl/products/cashewnoten-gebrand-ongezouten,Cashewnoten Gebrand & Ongezouten,Standaard,11.95,,,,6097346773716,
noototheek.nl,https://noototheek.nl/products/cashewnoten-gebrand-ongezouten,Cashewnoten Gebrand & Ongezouten,Standaard,44.95,,,,6097345844806,
noototheek.nl,https://noototheek.nl/products/cashewnoten-gebrand-ongezouten,Cashewnoten Gebrand & Ongezouten,Standaard,84.95,,,,6097346014086,
noototheek.nl,https://noototheek.nl/products/pindas-gebrand-ongezouten,Pinda's Gebrand & Ongezouten,Standaard,2.99,,,,6097345896812,
noototheek.nl,https://noototheek.nl/products/pindas-gebrand-ongezouten,Pinda's Gebrand & Ongezouten,Standaard,4.75,,,,6097345227289,
noototheek.nl,https://noototheek.nl/products/pindas-gebrand-ongezouten,Pinda's Gebrand & Ongezouten,Standaard,18.49,,,,6097343651611,
noototheek.nl,https://noototheek.nl/products/pindas-gebrand-ongezouten,Pinda's Gebrand & Ongezouten,Standaard,32.99,,,,6097343048046,
noototheek.nl,https://noototheek.nl/product/gedroogde-pruimen-zonder-pit/,Gedroogde Pruimen Zonder Pit,Standaard,4.5,,,,6097347132123,
noototheek.nl,https://noototheek.nl/product/gedroogde-pruimen-zonder-pit/,Gedroogde Pruimen Zonder Pit,Standaard,69.95,,,,6097342995907,
noototheek.nl,https://noototheek.nl/products/havermeel,Havermeel,Standaard,2.95,,,,6097352048099,
noototheek.nl,https://noototheek.nl/products/edamame-bonen-geroosterd,Edamame Bonen Geroosterd,Standaard,2.5,,,,6097343869818,
noototheek.nl,https://noototheek.nl/products/edamame-bonen-geroosterd,Edamame Bonen Geroosterd,Standaard,69.95,,,,6097344425433,
noototheek.nl,https://noototheek.nl/product/zonnebloempitten/,Zonnebloempitten,Standaard,1.25,,,,6097348753761,
noototheek.nl,https://noototheek.nl/product/zonnebloempitten/,Zonnebloempitten,Standaard,2.25,,,,6097356913973,
noototheek.nl,https://noototheek.nl/product/zonnebloempitten/,Zonnebloempitten,Standaard,9.95,,,,6097352991999,
noototheek.nl,https://noototheek.nl/product/zonnebloempitten/,Zonnebloempitten,Standaard,18.95,,,,6097356578509,
noototheek.nl,https://noototheek.nl/product/chiazaad/?_gl=1*1woqm7f*_up*MQ..*_gs*MQ..&gclid=Cj0KCQiA4fi7BhC5ARIsAEV1YiaJq3fiO13y4pTFzBhruIwPV5PoSL9BVUtFDVhVXPOWQBET3NXBWrkaAqWdEALw_wcB,Chiazaad,Standaard,3.95,,,,6097344185122,
noototheek.nl,https://noototheek.nl/product/chiazaad/?_gl=1*1woqm7f*_up*MQ..*_gs*MQ..&gclid=Cj0KCQiA4fi7BhC5ARIsAEV1YiaJq3fiO13y4pTFzBhruIwPV5PoSL9BVUtFDVhVXPOWQBET3NXBWrkaAqWdEALw_wcB,Chiazaad,Standaard,26.95,,,,6097351131112,
noototheek.nl,https://noototheek.nl/product/pecannoten-gebrand-ongezouten/?_gl=1*7un9e2*_up*MQ..*_gs*MQ..&gclid=Cj0KCQiA4fi7BhC5ARIsAEV1YibfDhVqQr5qqO4nCpFUMuHceej7pvohQlQ-l9niyguFjOKzZcu62C8aAr7iEALw_wcB,Pecannoten Gebrand Ongezouten,Standaard,7.95,,,,6097344212262,
noototheek.nl,https://noototheek.nl/product/pecannoten-gebrand-ongezouten/?_gl=1*7un9e2*_up*MQ..*_gs*MQ..&gclid=Cj0KCQiA4fi7BhC5ARIsAEV1YibfDhVqQr5qqO4nCpFUMuHceej7pvohQlQ-l9niyguFjOKzZcu62C8aAr7iEALw_wcB,Pecannoten Gebrand Ongezouten,Standaard,56.95,,,,6097346424472,
noototheek.nl,https://noototheek.nl/product/pecannoten-gebrand-ongezouten/?_gl=1*7un9e2*_up*MQ..*_gs*MQ..&gclid=Cj0KCQiA4fi7BhC5ARIsAEV1YibfDhVqQr5qqO4nCpFUMuHceej7pvohQlQ-l9niyguFjOKzZcu62C8aAr7iEALw_wcB,Pecannoten Gebrand Ongezouten,Standaard,104.95,,,,6097353816888,
noototheek.nl,https://noototheek.nl/products/cadeau-pakket-een-cadeautje-voor-jou-2,Cadeau Pakket een Cadeautje voor Jou! Noten & Chocolade,Standaard,29.99,,,,6097346613678,
noototheek.nl,https://noototheek.nl/products/cashewpasta-350-gram,Cashewpasta (350 gram),Standaard,5.49,,,,6097342494486,
noototheek.nl,https://noototheek.nl/product/pompoenpitten/?_gl=1*1wnnw95*_up*MQ..*_gs*MQ..&gclid=Cj0KCQiAvvO7BhC-ARIsAGFyToWnEUR9FH_mgSZNvvNOw81WRTz0iwEwJPllCOkKt98-Bp1yMQ5LDUAaAkxIEALw_wcB,Pompoenpitten,Standaard,2.5,,,,6097343458418,
noototheek.nl,https://noototheek.nl/product/pompoenpitten/?_gl=1*1wnnw95*_up*MQ..*_gs*MQ..&gclid=Cj0KCQiAvvO7BhC-ARIsAGFyToWnEUR9FH_mgSZNvvNOw81WRTz0iwEwJPllCOkKt98-Bp1yMQ5LDUAaAkxIEALw_wcB,Pompoenpitten,Standaard,4.25,,,,6097352796716,
noototheek.nl,https://noototheek.nl/product/pompoenpitten/?_gl=1*1wnnw95*_up*MQ..*_gs*MQ..&gclid=Cj0KCQiAvvO7BhC-ARIsAGFyToWnEUR9FH_mgSZNvvNOw81WRTz0iwEwJPllCOkKt98-Bp1yMQ5LDUAaAkxIEALw_wcB,Pompoenpitten,Standaard,23.95,,,,6097343471424,
noototheek.nl,https://noototheek.nl/product/pompoenpitten/?_gl=1*1wnnw95*_up*MQ..*_gs*MQ..&gclid=Cj0KCQiAvvO7BhC-ARIsAGFyToWnEUR9FH_mgSZNvvNOw81WRTz0iwEwJPllCOkKt98-Bp1yMQ5LDUAaAkxIEALw_wcB,Pompoenpitten,Standaard,45.95,,,,6097344163199,
noototheek.nl,https://noototheek.nl/products/cadeau-pakket-een-cadeautje-voor-jou-chocolade,Cadeau Pakket Een Cadeautje voor Jou! Chocolade,Standaard,29.99,,,,6097356830812,
noototheek.nl,https://noototheek.nl/products/cookie-fudge-rotsjes-melk,Cookie Fudge Rotsjes Melk,Standaard,4.95,,,,6097348618640,
noototheek.nl,https://noototheek.nl/products/cookie-fudge-rotsjes-melk,Cookie Fudge Rotsjes Melk,Standaard,13.75,,,,6097346459474,
noototheek.nl,https://noototheek.nl/products/cookie-fudge-rotsjes-melk,Cookie Fudge Rotsjes Melk,Standaard,52.49,,,,8715575016005,
noototheek.nl,https://noototheek.nl/products/chocolade-kokosblokjes,Chocolade Kokosblokjes,Standaard,4.95,,,,6097343278214,
noototheek.nl,https://noototheek.nl/products/chocolade-kokosblokjes,Chocolade Kokosblokjes,Standaard,13.95,,,,6097352321345,
noototheek.nl,https://noototheek.nl/products/chocolade-kokosblokjes,Chocolade Kokosblokjes,Standaard,67.95,,,,6097343751731,
noototheek.nl,https://noototheek.nl/products/gevriesdroogde-rode-bessen,Gevriesdroogde Rode Bessen,Standaard,4.95,,,,6097353712746,
noototheek.nl,https://noototheek.nl/products/gevriesdroogde-rode-bessen,Gevriesdroogde Rode Bessen,Standaard,27.49,,,,6097353353314,
noototheek.nl,https://noototheek.nl/products/gevriesdroogde-rode-bessen,Gevriesdroogde Rode Bessen,Standaard,52.95,,,,6097345226220,
noototheek.nl,https://noototheek.nl/products/macadamia-noten-gebrand-gezouten,Macadamia Noten Gebrand & Gezouten,Standaard,7.95,,,,6097356448468,
noototheek.nl,https://noototheek.nl/products/macadamia-noten-gebrand-gezouten,Macadamia Noten Gebrand & Gezouten,Standaard,20.95,,,,6097345653699,
noototheek.nl,https://noototheek.nl/products/macadamia-noten-gebrand-gezouten,Macadamia Noten Gebrand & Gezouten,Standaard,79.49,,,,6097355541573,
noototheek.nl,https://noototheek.nl/products/macadamia-noten-gebrand-gezouten,Macadamia Noten Gebrand & Gezouten,Standaard,155.95,,,,6097344610648,
noototheek.nl,https://noototheek.nl/products/croutons-knoflook,Croutons Knoflook,Standaard,2.75,,,,6097348413467,
noototheek.nl,https://noototheek.nl/products/croutons-knoflook,Croutons Knoflook,Standaard,13.95,,,,6097350713739,
noototheek.nl,https://noototheek.nl/products/croutons-knoflook,Croutons Knoflook,Standaard,134.49,,,,6097349497442,
noototheek.nl,https://noototheek.nl/products/gember-bolletjes-fiji-450-gram,Gember Bolletjes Fiji (450 gram),Standaard,4.5,,,,8716405000010,
noototheek.nl,https://noototheek.nl/products/koolhydraatarme-notenmix,Koolhydraatarme Notenmix,Standaard,5.95,,,,6097352815813,
noototheek.nl,https://noototheek.nl/products/koolhydraatarme-notenmix,Koolhydraatarme Notenmix,Standaard,67.95,,,,6097350659624,
noototheek.nl,https://noototheek.nl/products/koolhydraatarme-notenmix,Koolhydraatarme Notenmix,Standaard,129.95,,,,6097349486415,
noototheek.nl,https://noototheek.nl/products/nougat-taart-bosvruchten,Nougat Taart (Bosvruchten),Standaard,4.95,,,,6097354556578,
noototheek.nl,https://noototheek.nl/products/cashewnoten-geroosterd,Cashewnoten Geroosterd,Standaard,4.95,,,,6097345031008,
noototheek.nl,https://noototheek.nl/products/cashewnoten-geroosterd,Cashewnoten Geroosterd,Standaard,10.95,,,,6097353655692,
noototheek.nl,https://noototheek.nl/products/cashewnoten-geroosterd,Cashewnoten Geroosterd,Standaard,44.95,,,,6097347711779,
noototheek.nl,https://noototheek.nl/products/cashewnoten-geroosterd,Cashewnoten Geroosterd,Standaard,84.95,,,,6097352985929,
noototheek.nl,https://noototheek.nl/products/tempura-seaweed,Tempura Seaweed,Standaard,4.25,,,,6097343190196,
noototheek.nl,https://noototheek.nl/products/tempura-seaweed,Tempura Seaweed,Standaard,15.95,,,,6097357956986,
noototheek.nl,https://noototheek.nl/products/tempura-seaweed,Tempura Seaweed,Standaard,69.95,,,,6097356127141,
noototheek.nl,https://noototheek.nl/products/sultana-rozijnen,Sultana Rozijnen,Standaard,3.49,,,,6097353144165,
noototheek.nl,https://noototheek.nl/products/sultana-rozijnen,Sultana Rozijnen,Standaard,5.75,,,,6097342855843,
noototheek.nl,https://noototheek.nl/products/sultana-rozijnen,Sultana Rozijnen,Standaard,76.95,,,,6097351994991,
noototheek.nl,https://noototheek.nl/products/gevriesdroogde-vijgen-schijfjes,Gevriesdroogde Vijgen Schijfjes,Standaard,5.75,,,,6097343546566,
noototheek.nl,https://noototheek.nl/products/gevriesdroogde-vijgen-schijfjes,Gevriesdroogde Vijgen Schijfjes,Standaard,38.95,,,,6097342935996,
noototheek.nl,https://noototheek.nl/products/gevriesdroogde-vijgen-schijfjes,Gevriesdroogde Vijgen Schijfjes,Standaard,72.95,,,,6097344967902,
noototheek.nl,https://noototheek.nl/products/gevriesdroogde-vijgen-schijfjes,Gevriesdroogde Vijgen Schijfjes,Standaard,444.95,,,,,
noototheek.nl,https://noototheek.nl/products/gedroogde-pruimen-met-pit,Gedroogde Pruimen met Pit,Standaard,5.95,,,,6097353883873,
noototheek.nl,https://noototheek.nl/products/gedroogde-pruimen-met-pit,Gedroogde Pruimen met Pit,Standaard,119.95,,,,6097343745792,
noototheek.nl,https://noototheek.nl/products/frisia-tulband-mix,Frisia Tulband Mix,Standaard,4.25,,,,8710691801955,
noototheek.nl,https://noototheek.nl/products/pistachenoten-geroosterd-en-gezouten,Pistachenoten Geroosterd en Gezouten,Standaard,4.49,,,,6097343273202,
noototheek.nl,https://noototheek.nl/products/pistachenoten-geroosterd-en-gezouten,Pistachenoten Geroosterd en Gezouten,Standaard,13.25,,,,6097345211240,
noototheek.nl,https://noototheek.nl/products/pistachenoten-geroosterd-en-gezouten,Pistachenoten Geroosterd en Gezouten,Standaard,195.95,,,,6097354555533,
noototheek.nl,https://noototheek.nl/products/100-puur-gembersap-500ml,100% Puur Gembersap 500ml,Standaard,9.95,,,,6097347881878,
noototheek.nl,https://noototheek.nl/products/gevriesdroogd-mango-poeder,Gevriesdroogd Mango Poeder,Standaard,9.95,,,,6097349359320,
noototheek.nl,https://noototheek.nl/products/deluxe-mix-ongezouten,Deluxe Mix Ongezouten,Standaard,8.5,,,,6097350998907,
noototheek.nl,https://noototheek.nl/products/deluxe-mix-ongezouten,Deluxe Mix Ongezouten,Standaard,13.95,,,,6097345155100,
noototheek.nl,https://noototheek.nl/products/deluxe-mix-ongezouten,Deluxe Mix Ongezouten,Standaard,58.5,,,,6097343774785,
noototheek.nl,https://noototheek.nl/products/deluxe-mix-ongezouten,Deluxe Mix Ongezouten,Standaard,112.0,,,,6097345194185,
noototheek.nl,https://noototheek.nl/products/pistachenoten-ongebrand,Pistachenoten Ongebrand,Standaard,6.95,,,,6097345233211,
noototheek.nl,https://noototheek.nl/products/pistachenoten-ongebrand,Pistachenoten Ongebrand,Standaard,189.95,,,,6097355321373,
noototheek.nl,https://noototheek.nl/products/studentenhaver-ongebrand,Studentenhaver Ongebrand,Standaard,4.95,,,,6097345465421,
noototheek.nl,https://noototheek.nl/products/studentenhaver-ongebrand,Studentenhaver Ongebrand,Standaard,9.95,,,,6097355225299,
noototheek.nl,https://noototheek.nl/products/studentenhaver-ongebrand,Studentenhaver Ongebrand,Standaard,37.95,,,,6097347694683,
noototheek.nl,https://noototheek.nl/products/studentenhaver-ongebrand,Studentenhaver Ongebrand,Standaard,71.95,,,,6097352280208,
noototheek.nl,https://noototheek.nl/products/fruitmix-du-soleil,Fruitmix Du Soleil,Standaard,4.49,,,,6097343228295,
noototheek.nl,https://noototheek.nl/products/fruitmix-du-soleil,Fruitmix Du Soleil,Standaard,59.95,,,,8715575014438,
noototheek.nl,https://noototheek.nl/products/chocolade-hazelnoten-melk,Chocolade Hazelnoten Melk,Standaard,6.49,,,,6097353350382,
noototheek.nl,https://noototheek.nl/products/chocolade-hazelnoten-melk,Chocolade Hazelnoten Melk,Standaard,17.95,,,,6097348047013,
noototheek.nl,https://noototheek.nl/products/chocolade-hazelnoten-melk,Chocolade Hazelnoten Melk,Standaard,92.95,,,,6097351127115,
noototheek.nl,https://noototheek.nl/products/overnight-oats-eiwit-matcha,Overnight Oats Eiwit Matcha,Standaard,6.95,,,,6097354710727,
noototheek.nl,https://noototheek.nl/products/overnight-oats-eiwit-matcha,Overnight Oats Eiwit Matcha,Standaard,19.25,,,,6097344137183,
noototheek.nl,https://noototheek.nl/products/overnight-oats-banaan-kokos,Overnight Oats Banaan Kokos,Standaard,6.75,,,,6097342836897,
noototheek.nl,https://noototheek.nl/products/overnight-oats-banaan-kokos,Overnight Oats Banaan Kokos,Standaard,18.49,,,,6097343796770,
noototheek.nl,https://noototheek.nl/products/gedroogde-peren,Gedroogde Peren,Standaard,3.25,,,,6097346761744,
noototheek.nl,https://noototheek.nl/products/gedroogde-peren,Gedroogde Peren,Standaard,115.0,,,,6097350121121,
noototheek.nl,https://noototheek.nl/products/sesam-peper-crackers,Sesam Peper Crackers,Standaard,2.25,,,,6097349972949,
noototheek.nl,https://noototheek.nl/products/sesam-peper-crackers,Sesam Peper Crackers,Standaard,5.95,,,,6097342630617,
noototheek.nl,https://noototheek.nl/products/sesam-peper-crackers,Sesam Peper Crackers,Standaard,54.95,,,,6097347238252,
noototheek.nl,https://noototheek.nl/products/italiaanse-mix,Italiaanse Mix,Standaard,6.5,,,,6097350990901,
noototheek.nl,https://noototheek.nl/products/italiaanse-mix,Italiaanse Mix,Standaard,99.95,,,,8715575010157,
noototheek.nl,https://noototheek.nl/products/vijgen-stukjes,Vijgen Stukjes,Standaard,6.49,,,,6097350543541,
noototheek.nl,https://noototheek.nl/products/vijgen-stukjes,Vijgen Stukjes,Standaard,105.0,,,,8697423060302,
noototheek.nl,https://noototheek.nl/products/nougat-taart-amaretto,Nougat Taart (Amaretto),Standaard,4.95,,,,6097345468484,
noototheek.nl,https://noototheek.nl/collections/cashewnoten,Cashewnoten(14),Standaard,6.5,,,,,
noototheek.nl,https://noototheek.nl/products/tutti-frutti,Tutti Frutti,Standaard,5.95,,,,6097350116165,
noototheek.nl,https://noototheek.nl/products/pittenmix,Pittenmix,Standaard,4.75,,,,6097350748700,
noototheek.nl,https://noototheek.nl/products/pittenmix,Pittenmix,Standaard,43.95,,,,6097348526532,
noototheek.nl,https://noototheek.nl/products/pittenmix,Pittenmix,Standaard,78.95,,,,6097349838863,
noototheek.nl,https://noototheek.nl/products/pistachenoten-gebrand-ongezouten,Pistachenoten Gebrand & Ongezouten,Standaard,7.95,,,,6097356729765,
noototheek.nl,https://noototheek.nl/products/pistachenoten-gebrand-ongezouten,Pistachenoten Gebrand & Ongezouten,Standaard,42.5,,,,6097344195169,
noototheek.nl,https://noototheek.nl/products/pistachenoten-gebrand-ongezouten,Pistachenoten Gebrand & Ongezouten,Standaard,82.5,,,,6097343894803,
noototheek.nl,https://noototheek.nl/collections/walnoten,Walnoten(3),Standaard,3.99,,,,,
noototheek.nl,https://noototheek.nl/products/gedroogde-perziken,Gedroogde Perziken,Standaard,3.25,,,,6097348644694,
noototheek.nl,https://noototheek.nl/products/gedroogde-perziken,Gedroogde Perziken,Standaard,92.95,,,,6097345875862,
noototheek.nl,https://noototheek.nl/products/appel-chunks-kaneel,Appel Chunks Kaneel,Standaard,7.25,,,,6097355936904,
noototheek.nl,https://noototheek.nl/products/appel-chunks-kaneel,Appel Chunks Kaneel,Standaard,79.95,,,,6097347659620,
noototheek.nl,https://noototheek.nl/products/de-traay-dadelstroop-fruitig-zoet-350-gr,De Traay Dadelstroop,Standaard,4.5,,,,8713406120280,
noototheek.nl,https://noototheek.nl/products/kikkererwten,Kikkererwten,Standaard,2.95,,,,6097348045064,
noototheek.nl,https://noototheek.nl/products/chocolade-appeltaart-rotsjes,Chocolade Appeltaart Rotsjes,Standaard,4.95,,,,6097350039051,
noototheek.nl,https://noototheek.nl/products/chocolade-appeltaart-rotsjes,Chocolade Appeltaart Rotsjes,Standaard,13.95,,,,6097346721786,
noototheek.nl,https://noototheek.nl/products/chocolade-appeltaart-rotsjes,Chocolade Appeltaart Rotsjes,Standaard,77.95,,,,6097355090057,
noototheek.nl,https://noototheek.nl/products/grissini-genovese,Grissini Genovese,Standaard,3.49,,,,6097344854899,
noototheek.nl,https://noototheek.nl/products/grissini-genovese,Grissini Genovese,Standaard,94.95,,,,6097349812894,
noototheek.nl,https://noototheek.nl/products/chocolade-amandelen-puur,Chocolade Amandelen Puur,Standaard,6.25,,,,6097357559538,
noototheek.nl,https://noototheek.nl/products/chocolade-amandelen-puur,Chocolade Amandelen Puur,Standaard,17.95,,,,6097342157169,
noototheek.nl,https://noototheek.nl/products/chocolade-amandelen-puur,Chocolade Amandelen Puur,Standaard,89.95,,,,8715575002893,
noototheek.nl,https://noototheek.nl/products/pindas-ongebrand,Pinda's Ongebrand,Standaard,3.75,,,,6097356772709,
noototheek.nl,https://noototheek.nl/products/pindas-ongebrand,Pinda's Ongebrand,Standaard,109.99,,,,6097357236286,
noototheek.nl,https://noototheek.nl/products/spaanse-vijgen,Spaanse Vijgen,Standaard,3.95,,,,6097345723712,
noototheek.nl,https://noototheek.nl/products/spaanse-vijgen,Spaanse Vijgen,Standaard,34.95,,,,6097354112156,
noototheek.nl,https://noototheek.nl/product/cashewnoten-gebrand-ongezouten/?_gl=1*l6iw0i*_up*MQ..*_gs*MQ..&gclid=Cj0KCQiAvvO7BhC-ARIsAGFyToWnEUR9FH_mgSZNvvNOw81WRTz0iwEwJPllCOkKt98-Bp1yMQ5LDUAaAkxIEALw_wcB,Cashewnoten Gebrand & Ongezouten,Standaard,6.5,,,,6097353643637,
noototheek.nl,https://noototheek.nl/product/cashewnoten-gebrand-ongezouten/?_gl=1*l6iw0i*_up*MQ..*_gs*MQ..&gclid=Cj0KCQiAvvO7BhC-ARIsAGFyToWnEUR9FH_mgSZNvvNOw81WRTz0iwEwJPllCOkKt98-Bp1yMQ5LDUAaAkxIEALw_wcB,Cashewnoten Gebrand & Ongezouten,Standaard,11.95,,,,6097346773716,
noototheek.nl,https://noototheek.nl/product/cashewnoten-gebrand-ongezouten/?_gl=1*l6iw0i*_up*MQ..*_gs*MQ..&gclid=Cj0KCQiAvvO7BhC-ARIsAGFyToWnEUR9FH_mgSZNvvNOw81WRTz0iwEwJPllCOkKt98-Bp1yMQ5LDUAaAkxIEALw_wcB,Cashewnoten Gebrand & Ongezouten,Standaard,44.95,,,,6097345844806,
noototheek.nl,https://noototheek.nl/product/cashewnoten-gebrand-ongezouten/?_gl=1*l6iw0i*_up*MQ..*_gs*MQ..&gclid=Cj0KCQiAvvO7BhC-ARIsAGFyToWnEUR9FH_mgSZNvvNOw81WRTz0iwEwJPllCOkKt98-Bp1yMQ5LDUAaAkxIEALw_wcB,Cashewnoten Gebrand & Ongezouten,Standaard,84.95,,,,6097346014086,
noototheek.nl,https://noototheek.nl/products/appel-blokjes-kaneel,Appel Blokjes Kaneel,Standaard,5.49,,,,6097355353350,
noototheek.nl,https://noototheek.nl/products/appel-blokjes-kaneel,Appel Blokjes Kaneel,Standaard,79.95,,,,6097352736750,
noototheek.nl,https://noototheek.nl/products/gevriesdroogd-framboos-poeder,Gevriesdroogd Framboos Poeder,Standaard,6.49,,,,6097354060075,
noototheek.nl,https://noototheek.nl/products/gevriesdroogd-framboos-poeder,Gevriesdroogd Framboos Poeder,Standaard,119.95,,,,6097353395369,
noototheek.nl,https://noototheek.nl/products/hak-nougat,Hak Nougat,Standaard,3.99,,,,6097349719735,
noototheek.nl,https://noototheek.nl/products/hak-nougat,Hak Nougat,Standaard,13.5,,,,5410481004919,
noototheek.nl,https://noototheek.nl/products/hak-nougat,Hak Nougat,Standaard,50.95,,,,5410481104916,
noototheek.nl,https://noototheek.nl/products/popcorn-mais,Popcorn Mais,Standaard,2.95,,,,6097343365327,
noototheek.nl,https://noototheek.nl/products/tuinbonen-met-sojasaus,Tuinbonen met Sojasaus,Standaard,3.49,,,,6097342385388,
noototheek.nl,https://noototheek.nl/products/tuinbonen-met-sojasaus,Tuinbonen met Sojasaus,Standaard,56.95,,,,6097352975951,
noototheek.nl,https://noototheek.nl/product/granola-superfood/?_gl=1*138h262*_up*MQ..*_gs*MQ..&gclid=Cj0KCQiA4fi7BhC5ARIsAEV1YibfDhVqQr5qqO4nCpFUMuHceej7pvohQlQ-l9niyguFjOKzZcu62C8aAr7iEALw_wcB,Granola Superfood,Standaard,5.49,,,,6097349448413,
noototheek.nl,https://noototheek.nl/product/granola-superfood/?_gl=1*138h262*_up*MQ..*_gs*MQ..&gclid=Cj0KCQiA4fi7BhC5ARIsAEV1YibfDhVqQr5qqO4nCpFUMuHceej7pvohQlQ-l9niyguFjOKzZcu62C8aAr7iEALw_wcB,Granola Superfood,Standaard,64.95,,,,6097345378318,
noototheek.nl,https://noototheek.nl/products/gevriesdroogde-frambozen-heel,Gevriesdroogde Frambozen Heel,Standaard,6.49,,,,6097347765796,
noototheek.nl,https://noototheek.nl/products/gevriesdroogde-frambozen-heel,Gevriesdroogde Frambozen Heel,Standaard,34.95,,,,6097352948948,
noototheek.nl,https://noototheek.nl/products/gevriesdroogde-frambozen-heel,Gevriesdroogde Frambozen Heel,Standaard,67.95,,,,6097343638650,
noototheek.nl,https://noototheek.nl/products/gevriesdroogde-frambozen-heel,Gevriesdroogde Frambozen Heel,Standaard,549.95,,,,8585056220364,
noototheek.nl,https://noototheek.nl/products/sea-salt-crackers,Sea Salt Crackers,Standaard,2.25,,,,6097343742739,
noototheek.nl,https://noototheek.nl/products/sea-salt-crackers,Sea Salt Crackers,Standaard,5.95,,,,6097349571517,
noototheek.nl,https://noototheek.nl/products/sea-salt-crackers,Sea Salt Crackers,Standaard,44.95,,,,6097351346349,
noototheek.nl,https://noototheek.nl/products/de-traay-agavesiroop-rijk-donker-350-gram,De Traay Agavesiroop Donker (350 gram),Standaard,4.75,,,,8713406120082,
noototheek.nl,https://noototheek.nl/products/chocolade-hazelnoten-mix,Chocolade Hazelnoten Mix,Standaard,6.49,,,,6097354917911,
noototheek.nl,https://noototheek.nl/products/chocolade-hazelnoten-mix,Chocolade Hazelnoten Mix,Standaard,17.75,,,,6097342680698,
noototheek.nl,https://noototheek.nl/products/chocolade-hazelnoten-mix,Chocolade Hazelnoten Mix,Standaard,90.95,,,,8715575002985,
noototheek.nl,https://noototheek.nl/products/cadeau-pakket-een-cadeautje-voor-jou,Cadeau Pakket Een Cadeautje voor Jou! Noten & Chocolade 2,Standaard,29.95,,,,6097343414469,
noototheek.nl,https://noototheek.nl/products/rozijnen-blauw-jumbo,Rozijnen Blauw Jumbo,Standaard,2.25,,,,6097347026064,
noototheek.nl,https://noototheek.nl/products/rozijnen-blauw-jumbo,Rozijnen Blauw Jumbo,Standaard,4.95,,,,6097342970959,
noototheek.nl,https://noototheek.nl/products/rozijnen-blauw-jumbo,Rozijnen Blauw Jumbo,Standaard,58.95,,,,6097353560545,
noototheek.nl,https://noototheek.nl/products/pecanpasta-200-gram,Pecanpasta (200 gram),Standaard,5.75,,,,6097349062022,
noototheek.nl,https://noototheek.nl/products/zongedroogde-tomaten,Zongedroogde Tomaten,Standaard,2.95,,,,6097348362307,
noototheek.nl,https://noototheek.nl/products/zongedroogde-tomaten,Zongedroogde Tomaten,Standaard,89.95,,,,8697423060173,
noototheek.nl,https://noototheek.nl/products/verse-dadels-doosje,Dadels Doosje Mazafati,Standaard,3.75,,,,8718531643581,
noototheek.nl,https://noototheek.nl/products/muesli-vruchten,Muesli Vruchten,Standaard,3.95,,,,6097344256273,
noototheek.nl,https://noototheek.nl/products/chocolade-pecan-truffel,Chocolade Pecan Truffel,Standaard,4.95,,,,6097344219247,
noototheek.nl,https://noototheek.nl/products/chocolade-pecan-truffel,Chocolade Pecan Truffel,Standaard,14.25,,,,6097344294220,
noototheek.nl,https://noototheek.nl/products/chocolade-pecan-truffel,Chocolade Pecan Truffel,Standaard,84.95,,,,6097342148143,
noototheek.nl,https://noototheek.nl/products/pecannoten-gebrand-gezouten,Pecannoten Gebrand Gezouten,Standaard,7.95,,,,6097354539564,
noototheek.nl,https://noototheek.nl/products/pecannoten-gebrand-gezouten,Pecannoten Gebrand Gezouten,Standaard,56.95,,,,6097342558591,
noototheek.nl,https://noototheek.nl/products/pecannoten-gebrand-gezouten,Pecannoten Gebrand Gezouten,Standaard,104.95,,,,6097352168148,
noototheek.nl,https://noototheek.nl/collections/amandelen,Amandelen(16),Standaard,5.95,,,,,
noototheek.nl,https://noototheek.nl/products/maanzaad-blauw,Maanzaad Blauw,Standaard,3.95,,,,6097354232243,
noototheek.nl,https://noototheek.nl/products/maanzaad-blauw,Maanzaad Blauw,Standaard,37.95,,,,6097345746773,
noototheek.nl,https://noototheek.nl/products/chocolade-notenmix,Chocolade Notenmix,Standaard,6.95,,,,6097354340306,
noototheek.nl,https://noototheek.nl/products/chocolade-notenmix,Chocolade Notenmix,Standaard,19.75,,,,6097357954906,
noototheek.nl,https://noototheek.nl/products/chocolade-notenmix,Chocolade Notenmix,Standaard,89.95,,,,6097351678655,
noototheek.nl,https://noototheek.nl/products/cashewnoten-met-vlies-geroosterd-gezouten,Cashewnoten Met Vlies Geroosterd & Gezouten,Standaard,4.49,,,,6097343622611,
noototheek.nl,https://noototheek.nl/products/kokosblokjes-suikervrij,Kokosblokjes Suikervrij,Standaard,4.5,,,,6097349359375,
noototheek.nl,https://noototheek.nl/products/kokosblokjes-suikervrij,Kokosblokjes Suikervrij,Standaard,58.95,,,,6097353015045,
noototheek.nl,https://noototheek.nl/products/cadeau-pakket-fijne-feestdagen,Cadeau Pakket Fijne Feestdagen! Noten & Chocolade,Standaard,29.99,,,,6097349839808,
noototheek.nl,https://noototheek.nl/products/macadamia-notenmix-gezouten,Macadamia Notenmix Gezouten,Standaard,7.95,,,,6097344197101,
noototheek.nl,https://noototheek.nl/products/macadamia-notenmix-gezouten,Macadamia Notenmix Gezouten,Standaard,13.5,,,,6097352439422,
noototheek.nl,https://noototheek.nl/products/macadamia-notenmix-gezouten,Macadamia Notenmix Gezouten,Standaard,50.95,,,,6097343527510,
noototheek.nl,https://noototheek.nl/products/macadamia-notenmix-gezouten,Macadamia Notenmix Gezouten,Standaard,96.95,,,,6097345694647,
noototheek.nl,https://noototheek.nl/product/dadels-medjoul-1-kilo-voordeeldoos/,Dadels Medjoul 1 kilo voordeeldoos,Standaard,9.95,,,,6096524588500,
noototheek.nl,https://noototheek.nl/products/gevriesdroogde-mango-crunch,Gevriesdroogde Mango Crunch,Standaard,5.95,,,,6097342438473,
noototheek.nl,https://noototheek.nl/products/cacao-poeder,Cacao Poeder,Standaard,8.95,,,,6097350282235,
noototheek.nl,https://noototheek.nl/products/pecannoten-stukjes-ongebrand,Pecannoten Stukjes Ongebrand,Standaard,7.49,,,,6097348749771,
noototheek.nl,https://noototheek.nl/products/pecannoten-stukjes-ongebrand,Pecannoten Stukjes Ongebrand,Standaard,244.95,,,,6097346957949,
noototheek.nl,https://noototheek.nl/products/multi-fruit-and-berry-mix,Multi Fruit and Berry Mix,Standaard,4.95,,,,6097342069059,
noototheek.nl,https://noototheek.nl/products/multi-fruit-and-berry-mix,Multi Fruit and Berry Mix,Standaard,59.99,,,,6097345584535,
noototheek.nl,https://noototheek.nl/products/amandelpasta-200-gram,Amandelpasta (200 gram),Standaard,3.95,,,,6097350836896,
noototheek.nl,https://noototheek.nl/products/havermout,Havermout,Standaard,1.45,,,,6097342761700,
noototheek.nl,https://noototheek.nl/products/havermout,Havermout,Standaard,6.49,,,,6097353371394,
noototheek.nl,https://noototheek.nl/collections/pistachenoten,Pistachenoten(8),Standaard,13.95,,,,,
noototheek.nl,https://noototheek.nl/products/deluxe-mix-gezouten,Deluxe Mix Gezouten,Standaard,8.5,,,,6097348575547,
noototheek.nl,https://noototheek.nl/products/deluxe-mix-gezouten,Deluxe Mix Gezouten,Standaard,13.95,,,,6097346993985,
noototheek.nl,https://noototheek.nl/products/deluxe-mix-gezouten,Deluxe Mix Gezouten,Standaard,58.5,,,,6097349994941,
noototheek.nl,https://noototheek.nl/products/deluxe-mix-gezouten,Deluxe Mix Gezouten,Standaard,112.0,,,,6097345836801,
noototheek.nl,https://noototheek.nl/product/tutti-frutti/,Tutti Frutti,Standaard,5.95,,,,6097350116165,
noototheek.nl,https://noototheek.nl/products/kokosvlokken,Kokosvlokken,Standaard,2.95,,,,6097352723750,
noototheek.nl,https://noototheek.nl/products/kokosvlokken,Kokosvlokken,Standaard,79.95,,,,6097348541511,
noototheek.nl,https://noototheek.nl/products/lijnzaad-gebroken,Lijnzaad Gebroken,Standaard,2.75,,,,6097347517555,
noototheek.nl,https://noototheek.nl/products/lijnzaad-gebroken,Lijnzaad Gebroken,Standaard,13.95,,,,6097350452423,
noototheek.nl,https://noototheek.nl/products/kokosreepjes,Kokosreepjes,Standaard,2.95,,,,6097344843831,
noototheek.nl,https://noototheek.nl/products/kokosreepjes,Kokosreepjes,Standaard,37.95,,,,6097343252276,
noototheek.nl,https://noototheek.nl/products/salade-mix-italiaans,Salade Mix Italiaans,Standaard,4.75,,,,6097344135196,
noototheek.nl,https://noototheek.nl/products/salade-mix-italiaans,Salade Mix Italiaans,Standaard,37.49,,,,8715575005283,
noototheek.nl,https://noototheek.nl/products/room-truffels,Room Truffels,Standaard,7.49,,,,6097345546533,
noototheek.nl,https://noototheek.nl/products/room-truffels,Room Truffels,Standaard,67.5,,,,8715661000055,
noototheek.nl,https://noototheek.nl/products/cadeau-pakket-van-harte-gefeliciteerd-chocolade,Cadeau Pakket van Harte Gefeliciteerd! Chocolade,Standaard,29.99,,,,6097350743712,
noototheek.nl,https://noototheek.nl/product/moerbeibessen/?_gl=1*uf27h9*_up*MQ..*_gs*MQ..&gclid=Cj0KCQiA4fi7BhC5ARIsAEV1YibfDhVqQr5qqO4nCpFUMuHceej7pvohQlQ-l9niyguFjOKzZcu62C8aAr7iEALw_wcB,Moerbeibessen,Standaard,4.25,,,,6097342188118,
noototheek.nl,https://noototheek.nl/product/moerbeibessen/?_gl=1*uf27h9*_up*MQ..*_gs*MQ..&gclid=Cj0KCQiA4fi7BhC5ARIsAEV1YibfDhVqQr5qqO4nCpFUMuHceej7pvohQlQ-l9niyguFjOKzZcu62C8aAr7iEALw_wcB,Moerbeibessen,Standaard,9.95,,,,6097349431460,
noototheek.nl,https://noototheek.nl/product/moerbeibessen/?_gl=1*uf27h9*_up*MQ..*_gs*MQ..&gclid=Cj0KCQiA4fi7BhC5ARIsAEV1YibfDhVqQr5qqO4nCpFUMuHceej7pvohQlQ-l9niyguFjOKzZcu62C8aAr7iEALw_wcB,Moerbeibessen,Standaard,139.95,,,,8697423060166,
noototheek.nl,https://noototheek.nl/products/djakarta-mix,Djakarta Mix,Standaard,5.5,,,,6097345084080,
noototheek.nl,https://noototheek.nl/products/djakarta-mix,Djakarta Mix,Standaard,35.95,,,,6097342345306,
noototheek.nl,https://noototheek.nl/products/djakarta-mix,Djakarta Mix,Standaard,62.5,,,,6097348787766,
noototheek.nl,https://noototheek.nl/products/cookie-fudge-rotsjes-puur,Cookie Fudge Rotsjes Puur,Standaard,5.25,,,,6097342641644,
noototheek.nl,https://noototheek.nl/products/cookie-fudge-rotsjes-puur,Cookie Fudge Rotsjes Puur,Standaard,14.49,,,,6097342582510,
noototheek.nl,https://noototheek.nl/products/cookie-fudge-rotsjes-puur,Cookie Fudge Rotsjes Puur,Standaard,54.95,,,,8715575016883,
noototheek.nl,https://noototheek.nl/product/pecannoten-ongebrand/?_gl=1*njlo3m*_up*MQ..*_gs*MQ..&gclid=Cj0KCQiA4fi7BhC5ARIsAEV1YiaJq3fiO13y4pTFzBhruIwPV5PoSL9BVUtFDVhVXPOWQBET3NXBWrkaAqWdEALw_wcB,Pecannoten Ongebrand,Standaard,5.95,,,,6097343746744,
noototheek.nl,https://noototheek.nl/product/pecannoten-ongebrand/?_gl=1*njlo3m*_up*MQ..*_gs*MQ..&gclid=Cj0KCQiA4fi7BhC5ARIsAEV1YiaJq3fiO13y4pTFzBhruIwPV5PoSL9BVUtFDVhVXPOWQBET3NXBWrkaAqWdEALw_wcB,Pecannoten Ongebrand,Standaard,13.49,,,,6097350772781,
noototheek.nl,https://noototheek.nl/product/pecannoten-ongebrand/?_gl=1*njlo3m*_up*MQ..*_gs*MQ..&gclid=Cj0KCQiA4fi7BhC5ARIsAEV1YiaJq3fiO13y4pTFzBhruIwPV5PoSL9BVUtFDVhVXPOWQBET3NXBWrkaAqWdEALw_wcB,Pecannoten Ongebrand,Standaard,274.95,,,,6097345820893,
noototheek.nl,https://noototheek.nl/products/nederlandse-bloemenhoning-450-gram_1000037583,Nederlandse Bloemenhoning (450 gram),Standaard,9.95,,,,8719128454450,
noototheek.nl,https://noototheek.nl/products/chocolade-rozijnen-melk,Chocolade Rozijnen Melk,Standaard,3.75,,,,6097352539580,
noototheek.nl,https://noototheek.nl/products/chocolade-rozijnen-melk,Chocolade Rozijnen Melk,Standaard,10.49,,,,6097349793711,
noototheek.nl,https://noototheek.nl/products/chocolade-rozijnen-melk,Chocolade Rozijnen Melk,Standaard,58.95,,,,8715575003159,
noototheek.nl,https://noototheek.nl/products/cranberry-notenmix,Cranberry Notenmix,Standaard,6.95,,,,6097350240266,
noototheek.nl,https://noototheek.nl/products/cranberry-notenmix,Cranberry Notenmix,Standaard,43.5,,,,6097351917976,
noototheek.nl,https://noototheek.nl/products/cranberry-notenmix,Cranberry Notenmix,Standaard,83.95,,,,6097348246256,
noototheek.nl,https://noototheek.nl/products/wasabi-pindas,Wasabi Pinda's,Standaard,2.25,,,,6097344246205,
noototheek.nl,https://noototheek.nl/products/wasabi-pindas,Wasabi Pinda's,Standaard,5.95,,,,6097350758754,
noototheek.nl,https://noototheek.nl/products/wasabi-pindas,Wasabi Pinda's,Standaard,54.95,,,,6097342128107,
noototheek.nl,https://noototheek.nl/products/cashewnoten-gebrand-gezouten,Cashewnoten Gebrand & Gezouten,Standaard,6.5,,,,6097349665667,
noototheek.nl,https://noototheek.nl/products/cashewnoten-gebrand-gezouten,Cashewnoten Gebrand & Gezouten,Standaard,11.95,,,,6097346314346,
noototheek.nl,https://noototheek.nl/products/cashewnoten-gebrand-gezouten,Cashewnoten Gebrand & Gezouten,Standaard,44.95,,,,6097348987913,
noototheek.nl,https://noototheek.nl/products/cashewnoten-gebrand-gezouten,Cashewnoten Gebrand & Gezouten,Standaard,84.95,,,,6097346460487,
noototheek.nl,https://noototheek.nl/products/moon-crackers-groot-original,Moon Crackers Groot Original,Standaard,2.25,,,,6097350737759,
noototheek.nl,https://noototheek.nl/products/moon-crackers-groot-original,Moon Crackers Groot Original,Standaard,5.95,,,,6097348744769,
noototheek.nl,https://noototheek.nl/products/moon-crackers-groot-original,Moon Crackers Groot Original,Standaard,39.95,,,,6097349163170,
noototheek.nl,https://noototheek.nl/product/pompoenpitten/?_gl=1*pecnpv*_up*MQ..*_gs*MQ..&gclid=Cj0KCQiAvvO7BhC-ARIsAGFyToWnEUR9FH_mgSZNvvNOw81WRTz0iwEwJPllCOkKt98-Bp1yMQ5LDUAaAkxIEALw_wcB,Pompoenpitten,Standaard,2.5,,,,6097343458418,
noototheek.nl,https://noototheek.nl/product/pompoenpitten/?_gl=1*pecnpv*_up*MQ..*_gs*MQ..&gclid=Cj0KCQiAvvO7BhC-ARIsAGFyToWnEUR9FH_mgSZNvvNOw81WRTz0iwEwJPllCOkKt98-Bp1yMQ5LDUAaAkxIEALw_wcB,Pompoenpitten,Standaard,4.25,,,,6097352796716,
noototheek.nl,https://noototheek.nl/product/pompoenpitten/?_gl=1*pecnpv*_up*MQ..*_gs*MQ..&gclid=Cj0KCQiAvvO7BhC-ARIsAGFyToWnEUR9FH_mgSZNvvNOw81WRTz0iwEwJPllCOkKt98-Bp1yMQ5LDUAaAkxIEALw_wcB,Pompoenpitten,Standaard,23.95,,,,6097343471424,
noototheek.nl,https://noototheek.nl/product/pompoenpitten/?_gl=1*pecnpv*_up*MQ..*_gs*MQ..&gclid=Cj0KCQiAvvO7BhC-ARIsAGFyToWnEUR9FH_mgSZNvvNOw81WRTz0iwEwJPllCOkKt98-Bp1yMQ5LDUAaAkxIEALw_wcB,Pompoenpitten,Standaard,45.95,,,,6097344163199,
noototheek.nl,https://noototheek.nl/products/pindarotsjes-melk,Pindarotsjes Melk,Standaard,3.95,,,,6097344724703,
noototheek.nl,https://noototheek.nl/products/pindarotsjes-melk,Pindarotsjes Melk,Standaard,10.95,,,,6097357913996,
noototheek.nl,https://noototheek.nl/products/pindarotsjes-melk,Pindarotsjes Melk,Standaard,54.95,,,,8715575003302,
noototheek.nl,https://noototheek.nl/products/gebakken-uitjes,Gebakken Uitjes,Standaard,2.5,,,,6097344610686,
noototheek.nl,https://noototheek.nl/products/gebakken-uitjes,Gebakken Uitjes,Standaard,19.95,,,,8715575006761,
noototheek.nl,https://noototheek.nl/products/hazelnoten-stukjes-geroosterd,Hazelnoten Stukjes Geroosterd,Standaard,8.95,,,,6097349474474,
noototheek.nl,https://noototheek.nl/products/hazelnoten-stukjes-geroosterd,Hazelnoten Stukjes Geroosterd,Standaard,209.95,,,,6097348166110,
noototheek.nl,https://noototheek.nl/products/overnight-oats-glas,Overnight Oats Glas,Standaard,4.95,,,,6097351262212,
noototheek.nl,https://noototheek.nl/products/pistachenoten-gebrand-en-gezouten,Pistachenoten Gebrand en Gezouten,Standaard,4.95,,,,6097345544515,
noototheek.nl,https://noototheek.nl/products/pistachenoten-gebrand-en-gezouten,Pistachenoten Gebrand en Gezouten,Standaard,12.45,,,,6097347730770,
noototheek.nl,https://noototheek.nl/products/pistachenoten-gebrand-en-gezouten,Pistachenoten Gebrand en Gezouten,Standaard,42.5,,,,6097351921997,
noototheek.nl,https://noototheek.nl/products/pistachenoten-gebrand-en-gezouten,Pistachenoten Gebrand en Gezouten,Standaard,82.5,,,,6097344584598,
noototheek.nl,https://noototheek.nl/products/overnight-oats-pumpkin-spice,Overnight Oats Pumpkin Spice,Standaard,6.95,,,,6097351523511,
noototheek.nl,https://noototheek.nl/products/overnight-oats-pumpkin-spice,Overnight Oats Pumpkin Spice,Standaard,19.25,,,,6097345129125,
noototheek.nl,https://noototheek.nl/product/lijnzaad-gebroken/?_gl=1*wox0mn*_up*MQ..*_gs*MQ..&gclid=Cj0KCQiA4fi7BhC5ARIsAEV1YibfDhVqQr5qqO4nCpFUMuHceej7pvohQlQ-l9niyguFjOKzZcu62C8aAr7iEALw_wcB,Lijnzaad Gebroken,Standaard,2.75,,,,6097347517555,
noototheek.nl,https://noototheek.nl/product/lijnzaad-gebroken/?_gl=1*wox0mn*_up*MQ..*_gs*MQ..&gclid=Cj0KCQiA4fi7BhC5ARIsAEV1YibfDhVqQr5qqO4nCpFUMuHceej7pvohQlQ-l9niyguFjOKzZcu62C8aAr7iEALw_wcB,Lijnzaad Gebroken,Standaard,13.95,,,,6097350452423,
noototheek.nl,https://noototheek.nl/products/ananas-ringen-ongezoet,Ananas Ringen (Ongezoet),Standaard,4.95,,,,6097342778708,
noototheek.nl,https://noototheek.nl/products/ananas-ringen-ongezoet,Ananas Ringen (Ongezoet),Standaard,7.95,,,,6097347574527,
noototheek.nl,https://noototheek.nl/products/ananas-ringen-ongezoet,Ananas Ringen (Ongezoet),Standaard,78.95,,,,6009900392912,
noototheek.nl,https://noototheek.nl/products/cadeau-pakket-van-harte-beterschap-noten,Cadeau Pakket van Harte Beterschap! Noten,Standaard,34.99,,,,6097355563575,
noototheek.nl,https://noototheek.nl/products/huis-mix,Huis Mix,Standaard,5.95,,,,6097346565564,
noototheek.nl,https://noototheek.nl/products/huis-mix,Huis Mix,Standaard,10.25,,,,6097346224256,
noototheek.nl,https://noototheek.nl/products/huis-mix,Huis Mix,Standaard,39.95,,,,6097348666610,
noototheek.nl,https://noototheek.nl/products/huis-mix,Huis Mix,Standaard,77.5,,,,6097343439431,
noototheek.nl,https://noototheek.nl/products/mokka-boontjes-puur,Mokka Boontjes Puur,Standaard,7.95,,,,6097342598504,
noototheek.nl,https://noototheek.nl/products/mokka-boontjes-puur,Mokka Boontjes Puur,Standaard,22.95,,,,6097352993986,
noototheek.nl,https://noototheek.nl/products/mokka-boontjes-puur,Mokka Boontjes Puur,Standaard,99.95,,,,6097344552566,
noototheek.nl,https://noototheek.nl/products/chocolade-druppels-melk,Chocolade Druppels Melk,Standaard,7.95,,,,6097356513524,
noototheek.nl,https://noototheek.nl/products/chocolade-druppels-melk,Chocolade Druppels Melk,Standaard,154.95,,,,5410522650006,
noototheek.nl,https://noototheek.nl/products/gedroogde-vijgen,Gedroogde Vijgen,Standaard,5.95,,,,6097352675639,
noototheek.nl,https://noototheek.nl/products/gedroogde-vijgen,Gedroogde Vijgen,Standaard,14.95,,,,6097344936977,
noototheek.nl,https://noototheek.nl/products/gedroogde-vijgen,Gedroogde Vijgen,Standaard,85.95,,,,8697423060005,
noototheek.nl,https://noototheek.nl/products/pijnboompitten,Pijnboompitten,Standaard,4.95,,,,6097346720765,
noototheek.nl,https://noototheek.nl/products/pijnboompitten,Pijnboompitten,Standaard,34.95,,,,6097354390387,
noototheek.nl,https://noototheek.nl/products/pijnboompitten,Pijnboompitten,Standaard,123.95,,,,6097351592586,
noototheek.nl,https://noototheek.nl/products/pijnboompitten,Pijnboompitten,Standaard,214.95,,,,6097350345350,
noototheek.nl,https://noototheek.nl/products/haverzemelen,Haverzemelen,Standaard,2.5,,,,6097354738776,
notenkoning.nl,https://notenkoning.nl/producten/noten-gebrand/cashewnoten-xl-gebrand/,Cashewnoten XL Gebrand,Standaard,0.0,,,,N/B,
notenkoning.nl,https://notenkoning.nl/producten/noten-naturel/walnoten-dop/,Walnoten in dop,Standaard,0.0,,,,N/B,
echtepindakaas.nl,https://echtepindakaas.nl/webshop/noten-en-pindas/notenmixen/detail/136/rozijnenmix.html,Rozijnenmix,Standaard,3.0,,,,136-215,
echtepindakaas.nl,https://echtepindakaas.nl/webshop/noten-en-pindas/noten-in-dop/detail/269/pecannoten-in-dop.html,Pecannoten in dop,Standaard,7.95,,,,,
echtepindakaas.nl,https://echtepindakaas.nl/webshop/vruchten/vruchten-zonder-suiker/detail/164/abrikozen-zuur-zuid-afrika.html,"Abrikozen zuur, Zuid Afrika",Standaard,5.0,,,,164-315,
echtepindakaas.nl,https://echtepindakaas.nl/webshop/vruchten/vruchten-zonder-suiker/detail/163/abrikozen-ongezwaveld.html,Abrikozen Ongezwaveld,Standaard,5.0,,,,,
echtepindakaas.nl,https://echtepindakaas.nl/webshop/vruchten/vruchten-zonder-suiker/detail/179/rozijnen-sultana.html,Rozijnen Sultana,Standaard,2.0,,,,179-350,
echtepindakaas.nl,https://echtepindakaas.nl/webshop/diversen/chocolade-en-zoet/detail/254/pecannoten-gesuikerd.html,Pecannoten gesuikerd,Standaard,4.5,,,,,
echtepindakaas.nl,https://echtepindakaas.nl/webshop/vruchten/vruchten-zonder-suiker/detail/181/rozijnen-crimson.html,Rozijnen Crimson,Standaard,2.5,,,,181-356,
echtepindakaas.nl,https://echtepindakaas.nl/webshop/overzicht/detail/416/rozijnen-golden-bleach.html,Rozijnen Golden Bleach,Standaard,2.0,,,,416-1195,
echtepindakaas.nl,https://echtepindakaas.nl/webshop/noten-en-pindas/noten-in-dop/detail/264/hazelnoten-in-dop.html,Hazelnoten in Dop,Standaard,7.5,,,,,
echtepindakaas.nl,https://echtepindakaas.nl/webshop/vruchten/vruchten-zonder-suiker/detail/178/rozijnen-blue-thompson.html,Rozijnen Blue Thompson,Standaard,2.0,,,,178-347,
echtepindakaas.nl,https://echtepindakaas.nl/webshop/vruchten/vruchten-zonder-suiker/detail/162/abrikozen-zoet.html,Abrikozen zoet,Standaard,5.0,,,,,
echtepindakaas.nl,https://echtepindakaas.nl/webshop/vruchten/vruchten-zonder-suiker/detail/176/rozijnen-dark-flame.html,Rozijnen Dark Flame,Standaard,2.0,,,,176-761,
echtepindakaas.nl,https://echtepindakaas.nl/webshop/noten-en-pindas/noten-in-dop/detail/268/amandelen-in-dop.html,Amandelen in dop,Standaard,4.5,,,,,
echtepindakaas.nl,https://echtepindakaas.nl/webshop/noten-en-pindas/noten-in-dop/detail/406/walnoten-in-dop-frankrijk.html,Walnoten in dop Frankrijk,Standaard,4.5,,,,,
echtepindakaas.nl,https://echtepindakaas.nl/webshop/vruchten/vruchten-zonder-suiker/detail/180/rozijnen-golden-jumbo.html,Rozijnen Golden Jumbo,Standaard,2.5,,,,180-353,
echtepindakaas.nl,https://echtepindakaas.nl/webshop/diversen/chocolade-en-zoet/detail/255/amandelen-gesuikerd.html,Amandelen gesuikerd,Standaard,4.0,,,,,
echtepindakaas.nl,https://echtepindakaas.nl/webshop/vruchten/vruchten-zonder-suiker/detail/416/rozijnen-golden-bleach.html,Rozijnen Golden Bleach,Standaard,2.0,,,,416-1195,
notenkraamslagboom.nl,https://notenkraamslagboom.nl/product/chocolade/choco-cashewnoten-puur/,Choco cashewnoten puur,Standaard,3.95,,,,,
notenkraamslagboom.nl,https://notenkraamslagboom.nl/product/honing/imkerhoning-creme/,Imkerhoning creme,Standaard,9.5,,,,,
notenkraamslagboom.nl,https://notenkraamslagboom.nl/product/noten/geroosterde-noten/pecannoten-drooggeroosterd/,Pecannoten drooggeroosterd,Standaard,2.95,,,,,
notenkraamslagboom.nl,https://notenkraamslagboom.nl/product/chocolade/choco-rozijnen-puur/,Choco rozijnen puur,Standaard,3.5,,,,,
notenkraamslagboom.nl,https://notenkraamslagboom.nl/product/muesli/zelf-muesli-combineren/,Zelf muesli combineren,Standaard,9.0,,,,,
notenkraamslagboom.nl,https://notenkraamslagboom.nl/product/noten/gebrande-noten/vliespindas-klein-gezouten/,Vliespinda’s klein gezouten,Standaard,0.95,,,,,
notenkraamslagboom.nl,https://notenkraamslagboom.nl/product/rijstcrackers/rigato-mix/,Rigato mix,Standaard,2.25,,,,,
notenkraamslagboom.nl,https://notenkraamslagboom.nl/product/noten/ongebrande-noten/pistache-gepeld-ongebrand/,Pistache gepeld ongebrand,Standaard,4.95,,,,,
notenkraamslagboom.nl,https://notenkraamslagboom.nl/product/bakproducten/pindakaas-naturel/,Pindakaas Naturel,Standaard,6.95,,,,,
notenkraamslagboom.nl,https://notenkraamslagboom.nl/product/noten/geroosterde-noten/travelmix-geroosterd/,Travelmix geroosterd,Standaard,2.25,,,,,
notenkraamslagboom.nl,https://notenkraamslagboom.nl/product/rijstcrackers/japanse-mix/,Japanse mix,Standaard,2.25,,,,,
notenkraamslagboom.nl,https://notenkraamslagboom.nl/product/superfoods/incabessen/,Incabessen,Standaard,4.95,,,,,
notenkraamslagboom.nl,https://notenkraamslagboom.nl/product/honing/heide-honing-michel-merlet/,Heide Honing Michel Merlet,Standaard,13.95,,,,,
notenkraamslagboom.nl,https://notenkraamslagboom.nl/product/noten/geroosterde-noten/macadamias-drooggeroosterd/,Macadamia’s drooggeroosterd,Standaard,3.5,,,,,
notenkraamslagboom.nl,https://notenkraamslagboom.nl/product/chocolade/lonka-fudge-vanille/,Lonka fudge vanille,Standaard,1.5,,,,,
notenkraamslagboom.nl,https://notenkraamslagboom.nl/product/bakproducten/haegse-kruidkoekmix/,Haegse kruidkoekmix,Standaard,3.95,,,,,
notenkraamslagboom.nl,https://notenkraamslagboom.nl/product/gedroogde-zuidvruchten/medjoul-dadels/,Medjoul dadels,Standaard,4.5,,,,,
notenkraamslagboom.nl,https://notenkraamslagboom.nl/product/noten/gebrande-noten/cashewnoten-gebrand-gezouten/,Cashewnoten gebrand gezouten,Standaard,1.95,,,,,
notenkraamslagboom.nl,https://notenkraamslagboom.nl/product/noten/notenmix/studentenhaver/,Studentenhaver ongebrand,Standaard,1.95,,,,,
notenkraamslagboom.nl,https://notenkraamslagboom.nl/product/bakproducten/amandelspijs/,Amandelspijs,Standaard,5.5,,,,,
notenkraamslagboom.nl,https://notenkraamslagboom.nl/product/bakproducten/hibiscus-heel/,Hibiscus heel,Standaard,1.5,,,,,
notenkraamslagboom.nl,https://notenkraamslagboom.nl/product/gedroogde-zuidvruchten/krenten/,Krenten,Standaard,1.25,,,,,
notenkraamslagboom.nl,https://notenkraamslagboom.nl/product/gedroogde-zuidvruchten/appeltjes-gedroogd/,Appeltjes gedroogd,Standaard,1.5,,,,,
notenkraamslagboom.nl,https://notenkraamslagboom.nl/product/chocolade/choco-rozijnen-melk/,Choco rozijnen melk,Standaard,3.5,,,,,
notenkraamslagboom.nl,https://notenkraamslagboom.nl/product/superfoods/cacaonibs/,Cacaonibs,Standaard,7.95,,,,,
notenkraamslagboom.nl,https://notenkraamslagboom.nl/product/gember/gember-gesuikerd-blokjes/,Gember gesuikerd (Thailand),Standaard,2.25,,,,,
notenkraamslagboom.nl,https://notenkraamslagboom.nl/product/bakproducten/amandelmarsepein/,Amandelmarsepein,Standaard,4.95,,,,,
notenkraamslagboom.nl,https://notenkraamslagboom.nl/product/rijstcrackers/mexicanos/,Mexicano’s,Standaard,2.25,,,,,
notenkraamslagboom.nl,https://notenkraamslagboom.nl/product/noten/ongebrande-noten/amandelschaafsel/,Amandelschaafsel,Standaard,2.5,,,,,
notenkraamslagboom.nl,https://notenkraamslagboom.nl/product/rijstcrackers/soy-bean-cracker/,Soy Bean Cracker,Standaard,2.25,,,,,
notenkraamslagboom.nl,https://notenkraamslagboom.nl/product/chocolade/chocolade-truffels/,Chocolade truffels,Standaard,4.25,,,,,
notenkraamslagboom.nl,https://notenkraamslagboom.nl/product/noten/ongebrande-noten/vliespindas-groot-ongebrand/,Vliespinda’s groot ongebrand,Standaard,0.95,,,,,
notenkraamslagboom.nl,https://notenkraamslagboom.nl/product/gedroogde-zuidvruchten/frunuts/,Frunuts,Standaard,1.25,,,,,
notenkraamslagboom.nl,https://notenkraamslagboom.nl/product/chocolade/choco-cashewnoten-melk/,Choco cashewnoten melk,Standaard,3.5,,,,,
notenkraamslagboom.nl,https://notenkraamslagboom.nl/product/gedroogde-zuidvruchten/ananas-blokjes/,Ananas blokjes,Standaard,1.25,,,,,
notenkraamslagboom.nl,https://notenkraamslagboom.nl/product/noten/notenmix/honey-mix-met-zout/,Honey mix met zout,Standaard,2.25,,,,,
notenkraamslagboom.nl,https://notenkraamslagboom.nl/product/exotisch-fruit/dadels-iran-met-pit/,Dadels iran met pit,Standaard,3.95,,,,,
notenkraamslagboom.nl,https://notenkraamslagboom.nl/product/chocolade/choco-rijstbollen-gemengd/,Choco rijstbollen gemengd,Standaard,3.5,,,,,
notenkraamslagboom.nl,https://notenkraamslagboom.nl/product/muesli/noten-zaden-muesli/,Noten/zaden muesli,Standaard,4.95,,,,,
notenkraamslagboom.nl,https://notenkraamslagboom.nl/product/exotisch-fruit/gedroogde-mango/,Gedroogde mango,Standaard,2.75,,,,,
notenkraamslagboom.nl,https://notenkraamslagboom.nl/product/zoetwaren/nougat-room/,Nougat room,Standaard,2.25,,,,,
notenkraamslagboom.nl,https://notenkraamslagboom.nl/product/noten/gebrande-noten/macadamiamix-ongezouten/,Macadamiamix ongezouten,Standaard,2.95,,,,,
notenkraamslagboom.nl,https://notenkraamslagboom.nl/product/exotisch-fruit/mango-slices/,Mango slices,Standaard,2.25,,,,,
notenkraamslagboom.nl,https://notenkraamslagboom.nl/product/honing/acacia-honing/,Acacia Honing,Standaard,8.5,,,,,
notenkraamslagboom.nl,https://notenkraamslagboom.nl/product/pitten-zaden/chiazaad-zwart/,Chiazaad zwart,Standaard,2.25,,,,,
notenkraamslagboom.nl,https://notenkraamslagboom.nl/product/muesli/haverzemelen/,Haverzemelen,Standaard,2.5,,,,,
notenkraamslagboom.nl,https://notenkraamslagboom.nl/product/rijstcrackers/fire-mix/,Fire mix,Standaard,2.25,,,,,
notenkraamslagboom.nl,https://notenkraamslagboom.nl/product/gedroogde-zuidvruchten/gedroogde-perzik/,Gedroogde perzik,Standaard,1.5,,,,,
notenkraamslagboom.nl,https://notenkraamslagboom.nl/product/pitten-zaden/zonnebloempitten-gepeld/,Zonnebloempitten gepeld,Standaard,1.75,,,,,
notenkraamslagboom.nl,https://notenkraamslagboom.nl/product/noten/gebrande-noten/cashewnoten-gebrand-ongezouten/,Cashewnoten gebrand ongezouten,Standaard,1.95,,,,,
notenkraamslagboom.nl,https://notenkraamslagboom.nl/product/noten/gebrande-noten/amandelen-gebrand-gezouten/,Amandelen gebrand gezouten,Standaard,1.95,,,,,
notenkraamslagboom.nl,https://notenkraamslagboom.nl/product/pitten-zaden/lijnzaad-heel/,Lijnzaad heel,Standaard,1.25,,,,,
notenkraamslagboom.nl,https://notenkraamslagboom.nl/product/honing/boekweit-honing/,Boekweit honing,Standaard,6.95,,,,,
notenkraamslagboom.nl,https://notenkraamslagboom.nl/product/pitten-zaden/pijnboompitten/,Pijnboompitten,Standaard,5.95,,,,,
notenkraamslagboom.nl,https://notenkraamslagboom.nl/product/gedroogde-zuidvruchten/pruimen-zonder-pit/,Pruimen zonder pit,Standaard,2.75,,,,,
notenkraamslagboom.nl,https://notenkraamslagboom.nl/product/chocolade/choco-paranoten-melk/,Choco paranoten melk,Standaard,4.95,,,,,
notenkraamslagboom.nl,https://notenkraamslagboom.nl/product/rijstcrackers/geisha-mix-2/,Geisha mix,Standaard,2.25,,,,,
notenkraamslagboom.nl,https://notenkraamslagboom.nl/product/chocolade/lonka-fudge-vanille-chocolade/,Lonka fudge vanille/chocolade,Standaard,1.5,,,,,
notenkraamslagboom.nl,https://notenkraamslagboom.nl/product/rijstcrackers/seicho-round/,Seicho round,Standaard,2.25,,,,,
notenkraamslagboom.nl,https://notenkraamslagboom.nl/product/chocolade/yoghurt-aardbeien-gevriesdroogd/,Yoghurt aardbeien gevriesdroogd,Standaard,3.5,,,,,
notenkraamslagboom.nl,https://notenkraamslagboom.nl/product/gedroogde-zuidvruchten/snoeprozijnen/,Snoeprozijnen,Standaard,2.25,,,,,
notenkraamslagboom.nl,https://notenkraamslagboom.nl/product/pitten-zaden/pittenmix/,Pittenmix,Standaard,2.95,,,,,
notenkraamslagboom.nl,https://notenkraamslagboom.nl/product/noten/gebrande-noten/pistache-gepeld-zonder-zout/,Pistache gepeld zonder zout,Standaard,4.95,,,,,
notenkraamslagboom.nl,https://notenkraamslagboom.nl/product/rijstcrackers/triangle-chili-paprika/,Triangle chili paprika,Standaard,1.25,,,,,
notenkraamslagboom.nl,https://notenkraamslagboom.nl/product/noten/geroosterde-noten/elitemix-geroosterd/,Elitemix geroosterd,Standaard,2.25,,,,,
notenkraamslagboom.nl,https://notenkraamslagboom.nl/product/noten/geroosterde-noten/amandelen-bruin-drooggeroosterd/,Amandelen bruin drooggeroosterd,Standaard,1.95,,,,,
notenkraamslagboom.nl,https://notenkraamslagboom.nl/product/noten/notenmix/gezondheidsmix-ongebrand/,Gezondheidsmix ongebrand,Standaard,2.95,,,,,
notenkraamslagboom.nl,https://notenkraamslagboom.nl/product/noten/geroosterde-noten/hazelnoten-bruin-drooggeroosterd/,Hazelnoten bruin drooggeroosterd,Standaard,2.75,,,,,
notenkraamslagboom.nl,https://notenkraamslagboom.nl/product/noten/geroosterde-noten/qualitymix-geroosterd/,Qualitymix geroosterd,Standaard,2.95,,,,,
notenkraamslagboom.nl,https://notenkraamslagboom.nl/product/bakproducten/tulbandmix/,Tulbandmix,Standaard,4.5,,,,,
notenkraamslagboom.nl,https://notenkraamslagboom.nl/product/pitten-zaden/lijnzaad-gebroken/,Lijnzaad gebroken,Standaard,1.5,,,,,
notenkraamslagboom.nl,https://notenkraamslagboom.nl/product/muesli/havervlokken-grof/,Havervlokken grof,Standaard,1.75,,,,,
notenkraamslagboom.nl,https://notenkraamslagboom.nl/product/chocolade/choco-amandelen-kaneel/,Choco amandelen kaneel,Standaard,3.25,,,,,
notenkraamslagboom.nl,https://notenkraamslagboom.nl/product/gedroogde-zuidvruchten/rozijnen-klein-geel/,Rozijnen klein geel,Standaard,1.25,,,,,
notenkraamslagboom.nl,https://notenkraamslagboom.nl/product/chocolade/choco-cookies-fudge-rots-melk/,Choco cookies fudge rots melk,Standaard,3.25,,,,,
notenkraamslagboom.nl,https://notenkraamslagboom.nl/product/gedroogde-zuidvruchten/abrikozen-zuur/,Abrikozen zuur,Standaard,2.25,,,,,
notenkraamslagboom.nl,https://notenkraamslagboom.nl/product/gember/gember-bollen/,Gember bollen,Standaard,4.75,,,,,
notenkraamslagboom.nl,https://notenkraamslagboom.nl/product/gedroogde-zuidvruchten/vijgenstukjes/,Vijgenstukjes,Standaard,3.95,,,,,
notenkraamslagboom.nl,https://notenkraamslagboom.nl/product/muesli/speltvlokken/,Speltvlokken,Standaard,1.95,,,,,
notenkraamslagboom.nl,https://notenkraamslagboom.nl/product/noten/notenmix/powermix-ongebrand/,Powermix ongebrand,Standaard,2.5,,,,,
notenkraamslagboom.nl,https://notenkraamslagboom.nl/product/noten/gebrande-noten/pindas-klein-gezouten/,Pinda’s klein gezouten,Standaard,0.95,,,,,
notenkraamslagboom.nl,https://notenkraamslagboom.nl/product/acties/netflix-chill-pack/,Netflix & chill pack,Standaard,22.95,,,,,
notenkraamslagboom.nl,https://notenkraamslagboom.nl/product/gedroogde-zuidvruchten/rozijnen-groot-blauw/,Rozijnen groot blauw,Standaard,1.25,,,,,
notenkraamslagboom.nl,https://notenkraamslagboom.nl/product/noten/ongebrande-noten/cashewnoten-stukjes/,Cashewnoten stukjes,Standaard,1.5,,,,,
notenkraamslagboom.nl,https://notenkraamslagboom.nl/product/noten/gebrande-noten/cranberrymix/,Cranberrymix,Standaard,1.95,,,,,
notenkraamslagboom.nl,https://notenkraamslagboom.nl/product/rijstcrackers/hotrice-extra-pittig/,Hotrice extra pittig,Standaard,1.25,,,,,
notenkraamslagboom.nl,https://notenkraamslagboom.nl/product/rijstcrackers/doppindas/,Doppinda’s,Standaard,2.25,,,,,
notenkraamslagboom.nl,https://notenkraamslagboom.nl/product/noten/gebrande-noten/homestyle-snackmix/,Homestyle snackmix,Standaard,1.75,,,,,
notenkraamslagboom.nl,https://notenkraamslagboom.nl/product/noten/notenmix/nootmelange-ongebrand/,Nootmelange ongebrand,Standaard,2.25,,,,,
notenkraamslagboom.nl,https://notenkraamslagboom.nl/product/acties/snackpack/,Snackpack,Standaard,19.95,,,,,
notenkraamslagboom.nl,https://notenkraamslagboom.nl/product/rijstcrackers/borrelnoten-fantasia/,Borrelnoten Fantasia,Standaard,2.25,,,,,
notenkraamslagboom.nl,https://notenkraamslagboom.nl/product/rijstcrackers/risotto-original/,Risotto original,Standaard,2.25,,,,,
notenkraamslagboom.nl,https://notenkraamslagboom.nl/product/ontbijtfavorieten/pindakaas-chilipeper-citroengras/,Pindakaas Chilipeper Citroengras,Standaard,7.25,,,,,
notenkraamslagboom.nl,https://notenkraamslagboom.nl/product/exotisch-fruit/gember-gesuikerd/,Gember gesuikerd (Fiji),Standaard,3.95,,,,,
notenkraamslagboom.nl,https://notenkraamslagboom.nl/product/exotisch-fruit/mix-du-soleil/,Mix du soleil,Standaard,3.5,,,,,
notenkraamslagboom.nl,https://notenkraamslagboom.nl/product/noten/gebrande-noten/pistachenoten-in-dop-gebrand-ongezouten/,"Pistachenoten in dop, gebrand ongezouten",Standaard,2.75,,,,,
notenkraamslagboom.nl,https://notenkraamslagboom.nl/product/rijstcrackers/tango-borrelnoten/,Tango borrelnoten,Standaard,2.25,,,,,
notenkraamslagboom.nl,https://notenkraamslagboom.nl/product/muesli/noten-vruchten-muesli/,Noten/vruchten muesli,Standaard,4.95,,,,,
notenkraamslagboom.nl,https://notenkraamslagboom.nl/product/noten/gebrande-noten/macadamias-gebrand-ongezouten/,Macadamia’s gebrand ongezouten,Standaard,3.5,,,,,
notenkraamslagboom.nl,https://notenkraamslagboom.nl/product/chocolade/choco-rozijnen-gemengd/,Choco rozijnen gemengd,Standaard,3.5,,,,,
notenkraamslagboom.nl,https://notenkraamslagboom.nl/product/acties/congratulations-pack/,Congratulations pack,Standaard,21.95,,,,,
notenkraamslagboom.nl,https://notenkraamslagboom.nl/product/noten/gebrande-noten/sportmix/,Sportmix,Standaard,1.5,,,,,
notenkraamslagboom.nl,https://notenkraamslagboom.nl/product/rijstcrackers/suikerpindas-jumbo/,Suikerpinda’s jumbo,Standaard,2.25,,,,,
notenkraamslagboom.nl,https://notenkraamslagboom.nl/product/gember/gember-gesneden/,Gember gesneden,Standaard,3.95,,,,,
notenkraamslagboom.nl,https://notenkraamslagboom.nl/product/honing/bergbloesemhoning-vloeibaar-boerjan/,Bergbloesemhoning vloeibaar Boerjan,Standaard,8.95,,,,,
notenkraamslagboom.nl,https://notenkraamslagboom.nl/product/rijstcrackers/moon-craxs/,Moon Craxs,Standaard,2.25,,,,,
notenkraamslagboom.nl,https://notenkraamslagboom.nl/product/honing/linde-honing/,Linde Honing,Standaard,7.5,,,,,
notenkraamslagboom.nl,https://notenkraamslagboom.nl/product/exotisch-fruit/cocos-blokjes/,Cocos blokjes,Standaard,2.25,,,,,
notenkraamslagboom.nl,https://notenkraamslagboom.nl/product/chocolade/pindarots-puur/,Pindarots puur,Standaard,2.95,,,,,
notenkraamslagboom.nl,https://notenkraamslagboom.nl/product/noten/notenmix/boostmix-ongebrand/,Boostmix ongebrand,Standaard,2.25,,,,,
notenkraamslagboom.nl,https://notenkraamslagboom.nl/product/rijstcrackers/baked-round-original/,Baked round original,Standaard,1.25,,,,,
notenkraamslagboom.nl,https://notenkraamslagboom.nl/product/gedroogde-zuidvruchten/abrikozenstukjes/,Abrikozenstukjes,Standaard,3.95,,,,,
notenkraamslagboom.nl,https://notenkraamslagboom.nl/product/noten/ongebrande-noten/amandelen-bruin-ongebrand/,Amandelen bruin ongebrand,Standaard,1.95,,,,,
notenkraamslagboom.nl,https://notenkraamslagboom.nl/product/noten/ongebrande-noten/cashewnoten-ongebrand/,Cashewnoten ongebrand,Standaard,1.95,,,,,
notenkraamslagboom.nl,https://notenkraamslagboom.nl/product/noten/gebrande-noten/pindas-groot-ongezouten/,Pinda’s groot ongezouten,Standaard,0.95,,,,,
notenkraamslagboom.nl,https://notenkraamslagboom.nl/product/noten/gebrande-noten/hazelnoten-gebrand-gezouten/,Hazelnoten gebrand gezouten,Standaard,2.95,,,,,
notenkraamslagboom.nl,https://notenkraamslagboom.nl/product/noten/gebrande-noten/vliespindas-groot-gezouten/,Vliespinda’s groot gezouten,Standaard,0.95,,,,,
notenkraamslagboom.nl,https://notenkraamslagboom.nl/product/rijstcrackers/flamengo-borrelnoten/,Flamengo borrelnoten,Standaard,2.25,,,,,
notenkraamslagboom.nl,https://notenkraamslagboom.nl/product/chocolade/yoghurt-amandelen/,Yoghurt amandelen,Standaard,3.5,,,,,
notenkraamslagboom.nl,https://notenkraamslagboom.nl/product/noten/pistache-gepeld-geroosterd/,Pistache gepeld geroosterd,Standaard,4.95,,,,,
notenkraamslagboom.nl,https://notenkraamslagboom.nl/product/noten/gebrande-noten/euromix-ongezouten/,Euromix ongezouten,Standaard,2.25,,,,,
notenkraamslagboom.nl,https://notenkraamslagboom.nl/product/acties/fijnproevers-pack/,Fijnproevers pack,Standaard,20.95,,,,,
notenkraamslagboom.nl,https://notenkraamslagboom.nl/product/rijstcrackers/hotrice/,Hotrice,Standaard,1.25,,,,,
notenkraamslagboom.nl,https://notenkraamslagboom.nl/product/chocolade/choco-hazelnoten-gemengd/,Choco hazelnoten gemengd,Standaard,3.95,,,,,
notenkraamslagboom.nl,https://notenkraamslagboom.nl/product/gedroogde-zuidvruchten/dadelstukjes/,Dadelstukjes,Standaard,1.25,,,,,
notenkraamslagboom.nl,https://notenkraamslagboom.nl/product/noten/gebrande-noten/hazelnoten-gebrand-ongezouten/,Hazelnoten gebrand ongezouten,Standaard,2.95,,,,,
notenkraamslagboom.nl,https://notenkraamslagboom.nl/product/noten/geroosterde-noten/pistache-gepeld-geroosterd/,Pistache gepeld geroosterd,Standaard,4.95,,,,,
notenkraamslagboom.nl,https://notenkraamslagboom.nl/product/gedroogde-zuidvruchten/medjoul-dadels-desert-delights/,Medjoul dadels doosje,Standaard,6.95,,,,,
notenkraamslagboom.nl,https://notenkraamslagboom.nl/product/exotisch-fruit/gedroogde-kaki/,Gedroogde kaki,Standaard,2.75,,,,,
notenkraamslagboom.nl,https://notenkraamslagboom.nl/product/acties/tutti-frutti-pack/,Tutti Frutti pack,Standaard,26.5,,,,,
notenkraamslagboom.nl,https://notenkraamslagboom.nl/product/pitten-zaden/hennepzaad/,Hennepzaad,Standaard,2.95,,,,,
notenkraamslagboom.nl,https://notenkraamslagboom.nl/product/rijstcrackers/curry-rijstcrackers/,Curry rijstcrackers,Standaard,2.25,,,,,
notenkraamslagboom.nl,https://notenkraamslagboom.nl/product/noten/gebrande-noten/macadamiamix-gezouten/,Macadamiamix gezouten,Standaard,2.95,,,,,
notenkraamslagboom.nl,https://notenkraamslagboom.nl/product/honing/bergbloesemhoning-creme-boerjan/,Bergbloesemhoning creme Boerjan,Standaard,8.95,,,,,
notenkraamslagboom.nl,https://notenkraamslagboom.nl/product/rijstcrackers/nappioko-mix/,Nappioko mix,Standaard,2.25,,,,,
notenkraamslagboom.nl,https://notenkraamslagboom.nl/product/stroop/peren-appel-stroop/,Peren/appel stroop,Standaard,4.95,,,,,
notenkraamslagboom.nl,https://notenkraamslagboom.nl/product/bakproducten/amandelmeel/,Amandelmeel,Standaard,3.95,,,,,
notenkraamslagboom.nl,https://notenkraamslagboom.nl/product/muesli/muesli-fijn/,Muesli fijn,Standaard,1.95,,,,,
notenkraamslagboom.nl,https://notenkraamslagboom.nl/product/rijstcrackers/wasabi-ravioli-mix/,Wasabi ravioli mix,Standaard,2.25,,,,,
notenkraamslagboom.nl,https://notenkraamslagboom.nl/product/noten/gebrande-noten/luxe-mix/,Luxe mix,Standaard,1.5,,,,,
notenkraamslagboom.nl,https://notenkraamslagboom.nl/product/noten/gebrande-noten/amandelen-bruin-gebrand-ongezouten/,Amandelen bruin gebrand ongezouten,Standaard,1.95,,,,,
notenkraamslagboom.nl,https://notenkraamslagboom.nl/product/gember/gembersiroop/,Gembersiroop,Standaard,3.5,,,,,
notenkraamslagboom.nl,https://notenkraamslagboom.nl/product/noten/gebrande-noten/amandelen-bruin-gebrand-gezouten/,Amandelen bruin gebrand gezouten,Standaard,1.95,,,,,
notenkraamslagboom.nl,https://notenkraamslagboom.nl/product/noten/gebrande-noten/supermix-gezouten/,Supermix gezouten,Standaard,2.5,,,,,
notenkraamslagboom.nl,https://notenkraamslagboom.nl/product/noten/gebrande-noten/pecannoten-gebrand-gezouten/,Pecannoten gebrand gezouten,Standaard,2.95,,,,,
notenkraamslagboom.nl,https://notenkraamslagboom.nl/product/honing/klaverhoning/,Klaverhoning,Standaard,7.95,,,,,
notenkraamslagboom.nl,https://notenkraamslagboom.nl/product/noten/ongebrande-noten/paranoten-ongebrand/,Paranoten ongebrand,Standaard,4.95,,,,,
notenkraamslagboom.nl,https://notenkraamslagboom.nl/product/noten/geroosterde-noten/hazelnoten-wit-drooggeroosterd/,Hazelnoten wit drooggeroosterd,Standaard,2.95,,,,,
notenkraamslagboom.nl,https://notenkraamslagboom.nl/product/gedroogde-zuidvruchten/rozijnen-klein-blauw/,Rozijnen klein blauw,Standaard,1.25,,,,,
notenkraamslagboom.nl,https://notenkraamslagboom.nl/product/exotisch-fruit/cocos-snippers/,Cocos snippers,Standaard,2.25,,,,,
notenkraamslagboom.nl,https://notenkraamslagboom.nl/product/noten/gebrande-noten/pindas-groot-gezouten/,Pinda’s groot gezouten,Standaard,0.95,,,,,
notenkraamslagboom.nl,https://notenkraamslagboom.nl/product/honing/imkerhoning-vloeibaar/,Imkerhoning vloeibaar,Standaard,9.5,,,,,
notenkraamslagboom.nl,https://notenkraamslagboom.nl/product/muesli/cruesli-aardbei/,Cruesli aardbei,Standaard,4.95,,,,,
notenkraamslagboom.nl,https://notenkraamslagboom.nl/product/noten/ongebrande-noten/walnoten-gepeld/,Walnoten gepeld,Standaard,3.95,,,,,
notenkraamslagboom.nl,https://notenkraamslagboom.nl/product/superfoods/goji-bessen/,Goji bessen,Standaard,3.5,,,,,
notenkraamslagboom.nl,https://notenkraamslagboom.nl/product/honing/bloemenhoning-vloeibaar/,Bloemenhoning,Standaard,6.95,,,,,
notenkraamslagboom.nl,https://notenkraamslagboom.nl/product/muesli/tarwevlokken/,Tarwevlokken,Standaard,1.25,,,,,
notenkraamslagboom.nl,https://notenkraamslagboom.nl/product/noten/ongebrande-noten/walnoten-quarters/,Walnoten quarters,Standaard,1.75,,,,,
notenkraamslagboom.nl,https://notenkraamslagboom.nl/product/honing/acacia-honing-knijpfles-bio/,Acacia honing (knijpfles) Bio,Standaard,9.5,,,,,
notenkraamslagboom.nl,https://notenkraamslagboom.nl/product/chocolade/yoghurt-cashewnoten/,Yoghurt cashewnoten,Standaard,3.5,,,,,
notenkraamslagboom.nl,https://notenkraamslagboom.nl/product/honing/sinaasappel-bloemenhoning/,Sinaasappel bloemenhoning,Standaard,7.95,,,,,
notenkraamslagboom.nl,https://notenkraamslagboom.nl/product/acties/choco-notenmix-grof/,Choco notenmix grof,Standaard,3.95,,,,,
notenkraamslagboom.nl,https://notenkraamslagboom.nl/product/bakproducten/cake-mix/,Cake mix,Standaard,3.5,,,,,
notenkraamslagboom.nl,https://notenkraamslagboom.nl/product/chocolade/choco-cookies-fudge-rots-puur/,Choco cookies fudge rots puur,Standaard,3.25,,,,,
notenkraamslagboom.nl,https://notenkraamslagboom.nl/product/gedroogde-zuidvruchten/dadels-zonder-pit/,Dadels zonder pit,Standaard,0.95,,,,,
notenkraamslagboom.nl,https://notenkraamslagboom.nl/product/acties/sweet-choco-pack/,Sweet & choco pack,Standaard,25.95,,,,,
notenkraamslagboom.nl,https://notenkraamslagboom.nl/product/chocolade/choco-kiddys/,Choco kiddy’s,Standaard,3.25,,,,,
notenkraamslagboom.nl,https://notenkraamslagboom.nl/product/noten/geroosterde-noten/gemengde-noten-drooggeroosterd/,Gemengde noten drooggeroosterd,Standaard,2.25,,,,,
notenkraamslagboom.nl,https://notenkraamslagboom.nl/product/chocolade/chocolade-kruidnoten-gemengd/,Chocolade kruidnoten gemengd,Standaard,3.95,,,,,
notenkraamslagboom.nl,https://notenkraamslagboom.nl/product/noten/gebrande-noten/pistachenoten-in-dop-gebrand-gezouten/,"Pistachenoten in dop, gebrand gezouten",Standaard,2.75,,,,,
notenkraamslagboom.nl,https://notenkraamslagboom.nl/product/gedroogde-zuidvruchten/grote-vijgen/,Grote vijgen,Standaard,5.95,,,,,
notenkraamslagboom.nl,https://notenkraamslagboom.nl/product/bakproducten/cassata-vruchtenmelange/,Cassata (vruchtenmelange),Standaard,1.5,,,,,
notenkraamslagboom.nl,https://notenkraamslagboom.nl/product/rijstcrackers/kaotan-spicy-buffalo/,Kaotan Spicy Buffalo,Standaard,2.25,,,,,
notenkraamslagboom.nl,https://notenkraamslagboom.nl/product/noten/ongebrande-noten/amandelen-wit-ongebrand/,Amandelen wit ongebrand,Standaard,1.95,,,,,
notenkraamslagboom.nl,https://notenkraamslagboom.nl/product/gedroogde-zuidvruchten/rozijnen-groot-geel/,Rozijnen groot geel,Standaard,1.75,,,,,
notenkraamslagboom.nl,https://notenkraamslagboom.nl/product/chocolade/choco-cookies-fudge-rots-gemengd/,Choco cookies fudge rots gemengd,Standaard,3.25,,,,,
notenkraamslagboom.nl,https://notenkraamslagboom.nl/product/noten/gebrande-noten/supermix-ongezouten/,Supermix ongezouten,Standaard,2.5,,,,,
notenkraamslagboom.nl,https://notenkraamslagboom.nl/product/bakproducten/sucade-gehakt/,Sucade gehakt,Standaard,1.5,,,,,
notenkraamslagboom.nl,https://notenkraamslagboom.nl/product/noten/gebrande-noten/macadamias-gebrand-gezouten/,Macadamia’s gebrand gezouten,Standaard,3.5,,,,,
notenkraamslagboom.nl,https://notenkraamslagboom.nl/product/noten/ongebrande-noten/pecannoten-ongebrand/,Pecannoten ongebrand,Standaard,2.95,,,,,
notenkraamslagboom.nl,https://notenkraamslagboom.nl/product/chocolade/pindarots-wit/,Pindarots wit,Standaard,2.95,,,,,
notenkraamslagboom.nl,https://notenkraamslagboom.nl/product/populair/soy-bean-cracker-teriyaki/,Soy Bean Cracker teriyaki,Standaard,2.25,,,,,
notenkraamslagboom.nl,https://notenkraamslagboom.nl/product/muesli/muesli-extra-gevuld/,Muesli extra,Standaard,1.95,,,,,
notenkraamslagboom.nl,https://notenkraamslagboom.nl/product/gedroogde-zuidvruchten/cranberrys/,Cranberry’s,Standaard,2.75,,,,,
notenkraamslagboom.nl,https://notenkraamslagboom.nl/product/rijstcrackers/bollenmix/,Bollenmix,Standaard,2.25,,,,,
notenkraamslagboom.nl,https://notenkraamslagboom.nl/product/noten/gebrande-noten/euromix-gezouten/,Euromix gezouten,Standaard,2.25,,,,,
notenkraamslagboom.nl,https://notenkraamslagboom.nl/product/pitten-zaden/sesamzaad/,Sesamzaad,Standaard,1.25,,,,,
notenkraamslagboom.nl,https://notenkraamslagboom.nl/product/chocolade/choco-cookies-fudge-rots-wit/,Choco cookies fudge rots wit,Standaard,3.25,,,,,
notenkraamslagboom.nl,https://notenkraamslagboom.nl/product/muesli/muesli-super/,Muesli super,Standaard,1.95,,,,,
notenkraamslagboom.nl,https://notenkraamslagboom.nl/product/rijstcrackers/kaasbolletjes/,Kaasbolletjes,Standaard,2.25,,,,,
notenkraamslagboom.nl,https://notenkraamslagboom.nl/product/chocolade/choco-cocosrots-melk/,Choco cocosrots melk,Standaard,3.25,,,,,
notenkraamslagboom.nl,https://notenkraamslagboom.nl/product/muesli/havermout/,Havermout,Standaard,1.75,,,,,
notenkraamslagboom.nl,https://notenkraamslagboom.nl/product/noten/gebrande-noten/pistache-gepeld-met-zout/,Pistache gepeld met zout,Standaard,4.95,,,,,
notenkraamslagboom.nl,https://notenkraamslagboom.nl/product/rijstcrackers/seicho-square/,Seicho square,Standaard,2.25,,,,,
notenkraamslagboom.nl,https://notenkraamslagboom.nl/product/noten/gebrande-noten/amandelen-gebrand-ongezouten/,Amandelen gebrand ongezouten,Standaard,1.95,,,,,
notenkraamslagboom.nl,https://notenkraamslagboom.nl/product/chocolade/pindarots-gemengd/,Pindarots gemengd,Standaard,2.95,,,,,
notenkraamslagboom.nl,https://notenkraamslagboom.nl/product/muesli/cruesli/,Cruesli,Standaard,4.95,,,,,
notenkraamslagboom.nl,https://notenkraamslagboom.nl/product/muesli/gerstevlokken/,Gerstevlokken,Standaard,1.25,,,,,
notenkraamslagboom.nl,https://notenkraamslagboom.nl/product/noten/gebrande-noten/huismix/,Huismix,Standaard,1.5,,,,,
notenkraamslagboom.nl,https://notenkraamslagboom.nl/product/noten/gebrande-noten/vliespindas-groot-ongezouten/,Vliespinda’s groot ongezouten,Standaard,0.95,,,,,
notenkraamslagboom.nl,https://notenkraamslagboom.nl/product/rijstcrackers/katjang-pedis/,Katjang pedis,Standaard,2.25,,,,,
notenkraamslagboom.nl,https://notenkraamslagboom.nl/product/chocolade/yoghurt-rozijnen/,Yoghurt rozijnen,Standaard,3.5,,,,,
notenkraamslagboom.nl,https://notenkraamslagboom.nl/product/chocolade/lonka-fudge-chocolade/,Lonka fudge chocolade,Standaard,1.5,,,,,
notenkraamslagboom.nl,https://notenkraamslagboom.nl/product/noten/gebrande-noten/vliespindas-klein-ongezouten/,Vliespinda’s klein ongezouten,Standaard,0.95,,,,,
notenkraamslagboom.nl,https://notenkraamslagboom.nl/product/exotisch-fruit/cocos-gemalen/,Cocos gemalen,Standaard,2.25,,,,,
notenkraamslagboom.nl,https://notenkraamslagboom.nl/product/chocolade/lonka-fudge-karamel-zeezout/,Lonka fudge karamel/zeezout,Standaard,1.5,,,,,
notenkraamslagboom.nl,https://notenkraamslagboom.nl/product/chocolade/choco-pretzelmix/,Choco pretzelmix,Standaard,3.5,,,,,
notenkraamslagboom.nl,https://notenkraamslagboom.nl/product/bakproducten/bigarreaux-heel/,Bigarreaux heel,Standaard,1.5,,,,,
notenkraamslagboom.nl,https://notenkraamslagboom.nl/product/bakproducten/sinaassnippers-heel/,Sinaassnippers heel,Standaard,1.95,,,,,
notenkraamslagboom.nl,https://notenkraamslagboom.nl/product/acties/lijnzaad-mix/,Lijnzaad mix,Standaard,1.25,,,,,
notenkraamslagboom.nl,https://notenkraamslagboom.nl/product/chocolade/chocolade-breukplaten-melk/,Chocolade breukplaten melk,Standaard,3.95,,,,,
notenkraamslagboom.nl,https://notenkraamslagboom.nl/product/muesli/speltmuesli/,Speltmuesli,Standaard,4.95,,,,,
notenkraamslagboom.nl,https://notenkraamslagboom.nl/product/pitten-zaden/quinoa-wit/,Quinoa wit,Standaard,3.95,,,,,
notenkraamslagboom.nl,https://notenkraamslagboom.nl/product/bakproducten/vruchtengriesmeel/,Vruchtengriesmeel,Standaard,1.95,,,,,
notenkraamslagboom.nl,https://notenkraamslagboom.nl/product/superfoods/moerbeibessen/,Moerbeibessen,Standaard,5.95,,,,,
notenkraamslagboom.nl,https://notenkraamslagboom.nl/product/noten/ongebrande-noten/hazelnoten-wit-ongebrand/,Hazelnoten wit ongebrand,Standaard,2.95,,,,,
notenkraamslagboom.nl,https://notenkraamslagboom.nl/product/chocolade/choco-pindas-puur/,Choco pinda’s puur,Standaard,3.5,,,,,
notenkraamslagboom.nl,https://notenkraamslagboom.nl/product/rijstcrackers/giant-corn-gezouten/,Giant corn gezouten,Standaard,2.25,,,,,
notenkraamslagboom.nl,https://notenkraamslagboom.nl/product/gedroogde-zuidvruchten/abrikozen-zoet/,Abrikozen zoet,Standaard,2.5,,,,,
notenkraamslagboom.nl,https://notenkraamslagboom.nl/product/noten/gebrande-noten/pindas-klein-ongezouten/,Pinda’s klein ongezouten,Standaard,0.95,,,,,
notenkraamslagboom.nl,https://notenkraamslagboom.nl/product/noten/gebrande-noten/pecannoten-gebrand-ongezouten/,Pecannoten gebrand ongezouten,Standaard,2.95,,,,,
notenkraamslagboom.nl,https://notenkraamslagboom.nl/product/chocolade/choco-pindarots-karamel-zeezout/,Choco pindarots karamel/zeezout,Standaard,2.95,,,,,
notenkraamslagboom.nl,https://notenkraamslagboom.nl/product/rijstcrackers/tuinbonen-met-sojasaus/,Tuinbonen met sojasaus,Standaard,2.25,,,,,
notenkraamslagboom.nl,https://notenkraamslagboom.nl/product/bakproducten/speculaasmix/,Speculaasmix,Standaard,3.75,,,,,
notenkraamslagboom.nl,https://notenkraamslagboom.nl/product/noten/ongebrande-noten/pindas-klein-ongebrand/,Pinda’s klein ongebrand,Standaard,0.95,,,,,
notenkraamslagboom.nl,https://notenkraamslagboom.nl/product/gedroogde-zuidvruchten/gedroogde-peren/,Gedroogde peren,Standaard,1.5,,,,,
notenkraamslagboom.nl,https://notenkraamslagboom.nl/product/rijstcrackers/sumatra-mix/,Sumatra mix,Standaard,2.25,,,,,
notenkraamslagboom.nl,https://notenkraamslagboom.nl/product/rijstcrackers/pretzelmix/,Pretzelmix,Standaard,1.25,,,,,
notenkraamslagboom.nl,https://notenkraamslagboom.nl/product/chocolade/choco-amandelen-gemengd/,Choco amandelen gemengd,Standaard,3.95,,,,,
notenkraamslagboom.nl,https://notenkraamslagboom.nl/product/noten/geroosterde-noten/cashewnoten-drooggeroosterd/,Cashewnoten drooggeroosterd,Standaard,1.95,,,,,
notenkraamslagboom.nl,https://notenkraamslagboom.nl/product/rijstcrackers/bananenchips/,Bananenchips,Standaard,2.25,,,,,
notenkraamslagboom.nl,https://notenkraamslagboom.nl/product/rijstcrackers/borrelnoten-peking/,Borrelnoten Peking,Standaard,2.25,,,,,
notenkraamslagboom.nl,https://notenkraamslagboom.nl/product/chocolade/pindarots-melk/,Pindarots melk,Standaard,2.95,,,,,
notenkraamslagboom.nl,https://notenkraamslagboom.nl/product/rijstcrackers/bbq-ravioli/,BBQ ravioli,Standaard,2.25,,,,,
notenkraamslagboom.nl,https://notenkraamslagboom.nl/product/muesli/granola-bio/,Granola Bio,Standaard,4.95,,,,,
notenkraamslagboom.nl,https://notenkraamslagboom.nl/product/acties/choco-hazelnoten-melk/,Choco hazelnoten melk,Standaard,3.95,,,,,
notenkraamslagboom.nl,https://notenkraamslagboom.nl/product/pitten-zaden/pompoenpitten/,Pompoenpitten,Standaard,1.95,,,,,
notenkraamslagboom.nl,https://notenkraamslagboom.nl/product/gedroogde-zuidvruchten/baby-vijgen/,Baby vijgen,Standaard,2.5,,,,,
notenkraamslagboom.nl,https://notenkraamslagboom.nl/product/noten/ongebrande-noten/macadamias-ongebrand/,Macadamia’s ongebrand,Standaard,3.5,,,,,
notenkraamslagboom.nl,https://notenkraamslagboom.nl/product/exotisch-fruit/aardbei-schijfjes-gevriesdroogd/,Aardbei schijfjes gevriesdroogd,Standaard,3.25,,,,,
notenkraamslagboom.nl,https://notenkraamslagboom.nl/product/acties/happy-b-day-pack/,Happy b-day pack,Standaard,17.95,,,,,
notenkraamslagboom.nl,https://notenkraamslagboom.nl/product/chocolade/choco-amandelen-puur/,Choco amandelen puur,Standaard,3.95,,,,,
notenkraamslagboom.nl,https://notenkraamslagboom.nl/product/gedroogde-zuidvruchten/papaya-blokjes/,Papaya blokjes,Standaard,1.25,,,,,
notenkraamslagboom.nl,https://notenkraamslagboom.nl/product/noten/ongebrande-noten/pindas-groot-ongebrand/,Pinda’s groot ongebrand,Standaard,0.95,,,,,
notenkraamslagboom.nl,https://notenkraamslagboom.nl/product/muesli/cranberry-vruchten-muesli/,Cranberry/vruchten muesli,Standaard,4.95,,,,,
notenkraamslagboom.nl,https://notenkraamslagboom.nl/product/honing/tijm-met-bloemenhoning/,Tijm- met bloemenhoning,Standaard,9.95,,,,,
notenkraamslagboom.nl,https://notenkraamslagboom.nl/product/muesli/granen-gemengd/,Granen gemengd,Standaard,1.25,,,,,
notenkraamslagboom.nl,https://notenkraamslagboom.nl/product/noten/ongebrande-noten/vliespindas-klein-ongebrand/,Vliespinda’s klein ongebrand,Standaard,0.95,,,,,
notenkraamslagboom.nl,https://notenkraamslagboom.nl/product/noten/ongebrande-noten/hazelnoten-bruin-ongebrand/,Hazelnoten bruin ongebrand,Standaard,2.75,,,,,
notenkraamslagboom.nl,https://notenkraamslagboom.nl/product/honing/zonnebloemhoning/,Biologische zonnebloemhoning,Standaard,7.95,,,,,
notenkraamslagboom.nl,https://notenkraamslagboom.nl/product/rijstcrackers/wasabi-pindas/,Wasabi pinda’s,Standaard,1.25,,,,,
notenkraamslagboom.nl,https://notenkraamslagboom.nl/product/zoetwaren/zacht-snoep-fruitsmaak/,Zacht snoep fruitsmaak,Standaard,2.25,,,,,
notenkraamslagboom.nl,https://notenkraamslagboom.nl/product/acties/healthy-pack/,Healthy pack,Standaard,22.95,,,,,
notenkraamslagboom.nl,https://notenkraamslagboom.nl/product/noten/geroosterde-noten/paranoten-drooggeroosterd/,Paranoten drooggeroosterd,Standaard,4.95,,,,,
notenkraamslagboom.nl,https://notenkraamslagboom.nl/product/chocolade/chocolade-breukplaten-puur/,Chocolade breukplaten puur,Standaard,3.95,,,,,
notenkraamslagboom.nl,https://notenkraamslagboom.nl/product/chocolade/lonka-fudge-cookie-dough/,Lonka Fudge Cookie dough,Standaard,1.5,,,,,
notenkraamslagboom.nl,https://notenkraamslagboom.nl/product/noten/geroosterde-noten/amandelen-wit-drooggeroosterd/,Amandelen wit drooggeroosterd,Standaard,1.95,,,,,
notenkraamslagboom.nl,https://notenkraamslagboom.nl/product/rijstcrackers/sushi-cheese/,Sushi Cheese,Standaard,2.25,,,,,
notenkraamslagboom.nl,https://notenkraamslagboom.nl/product/rijstcrackers/baked-round-chili/,Baked round chili,Standaard,1.25,,,,,
notenkraamslagboom.nl,https://notenkraamslagboom.nl/product/gedroogde-zuidvruchten/sultana-rozijnen/,Sultana rozijnen,Standaard,1.25,,,,,
notenkraamslagboom.nl,https://notenkraamslagboom.nl/product/chocolade/choco-pindas-melk/,Choco pinda’s melk,Standaard,3.25,,,,,
notenkraamslagboom.nl,https://notenkraamslagboom.nl/product/chocolade/choco-amandelen-limoncello/,Choco amandelen limoncello,Standaard,3.5,,,,,
notenkraamslagboom.nl,https://notenkraamslagboom.nl/product/gedroogde-zuidvruchten/tutti-frutti/,Tutti Frutti,Standaard,7.5,,,,,
notenkraamslagboom.nl,https://notenkraamslagboom.nl/product/chocolade/choco-truffel-pecan/,Choco truffel pecan,Standaard,3.5,,,,,
notenkraamslagboom.nl,https://notenkraamslagboom.nl/product/gedroogde-zuidvruchten/abrikozen-ongezwaveld/,Abrikozen ongezwaveld,Standaard,2.5,,,,,
versenoten.nl,https://versenoten.nl/noten/amandelen/gerookte-amandelen/,Gerookte amandelen,Standaard,3.95,,,,,
versenoten.nl,https://versenoten.nl/noten/pistachenoten/gebrande-pistachenoten-ongezouten.html#/26-gewicht-250_gram,Gebrande pistachenoten ongezouten,Gebrande pistachenoten ongezouten,4.95,,,,,
versenoten.nl,https://versenoten.nl/zuidvruchten/rozijnen/grote-blauwe-rozijnen/,"Grote blauwe rozijnen: zacht, vlezig en vol smaak",Standaard,1.95,,,,,
versenoten.nl,https://versenoten.nl/noten/pecannoten/gebrande-pecannoten-gezouten.html#/36-gewicht-150_gram,Gebrande pecannoten gezouten,Gebrande pecannoten gezouten,3.95,,,,,
versenoten.nl,https://versenoten.nl/zuidvruchten/rozijnen/grote-blauwe-rozijnen.html#/26-gewicht-250_gram,Grote blauwe rozijnen,Grote blauwe rozijnen,1.95,,,,,
versenoten.nl,https://versenoten.nl/zuidvruchten/abrikozen/abrikozen-stukjes.html,Abrikozen stukjes,Abrikozen stukjes,1.95,,,,,
versenoten.nl,https://versenoten.nl/zuidvruchten/rozijnen/bruine-rozijnen.html#/26-gewicht-250_gram,Bruine rozijnen,Bruine rozijnen,1.95,,,,,
versenoten.nl,https://versenoten.nl/noten/amandelen/gebrande-amandelen/gebrande-amandelen-met-vlies-gezouten.html#/26-gewicht-250_gram,Gebrande amandelen met vlies gezouten,Gebrande amandelen met vlies gezouten,3.95,,,,,
versenoten.nl,https://versenoten.nl/zuidvruchten/abrikozen/abrikozen-zuur/,"Zure abrikozen: fris, sappig en vol smaak",Standaard,4.95,,,,,
versenoten.nl,https://versenoten.nl/zuidvruchten/abrikozen/abrikozen-ongezwaveld.html#/26-gewicht-250_gram,Abrikozen ongezwaveld,Abrikozen ongezwaveld,5.95,,,,,
versenoten.nl,https://versenoten.nl/noten/ongebrande-noten/walnoten.html#/26-gewicht-250_gram,Walnoten gepeld,Walnoten gepeld,4.95,,,,,
versenoten.nl,https://versenoten.nl/noten/cashewnoten/ongebrande-cashewnoten.html#/26-gewicht-250_gram,Ongebrande cashewnoten,Ongebrande cashewnoten,4.95,,,,,
versenoten.nl,https://versenoten.nl/zuidvruchten/rozijnen/kleine-gele-rozijnen.html#/26-gewicht-250_gram,Kleine gele rozijnen,Kleine gele rozijnen,1.95,,,,,
versenoten.nl,https://versenoten.nl/zuidvruchten/rozijnen/bruine-rozijnen/,"Bruine rozijnen: sappig, zoet en vol smaak",Standaard,1.95,,,,,
versenoten.nl,https://versenoten.nl/zuidvruchten/rozijnen/,"Gedroogde rozijnen: gezond, zacht en natuurlijk zoet",Standaard,1.95,,,,,
versenoten.nl,https://versenoten.nl/zuidvruchten/rozijnen/doosjes-kinderrozijntjes/,Rozijntjes doosjes: ideaal voor onderweg,Standaard,2.95,,,,,
versenoten.nl,https://versenoten.nl/noten/amandelen/ongebrande-amandelen/,Ongebrande amandelen,Standaard,3.95,,,,,
versenoten.nl,https://versenoten.nl/noten/pecannoten/zoete-pecannoten/,Gesuikerde pecannoten,Standaard,4.95,,,,,
versenoten.nl,https://versenoten.nl/zuidvruchten/rozijnen/grote-gele-rozijnen/,"Grote gele rozijnen: zacht, zoet en sappig",Standaard,2.95,,,,,
versenoten.nl,https://versenoten.nl/noten/amandelen/bakken-met-amandelen/bitterspijs.html,Bitterspijs,Bitterspijs,6.95,,,,,
versenoten.nl,https://versenoten.nl/zuidvruchten/abrikozen/,"Gedroogde abrikozen: gezond, zacht en vol smaak",Standaard,4.95,,,,,
versenoten.nl,https://versenoten.nl/blog-vlog-recepten/3/pistachenoten,Pistachenoten,Standaard,4.95,,,,,
versenoten.nl,https://versenoten.nl/noten/cashewnoten/gebrande-cashewnoten-ongezouten.html#/26-gewicht-250_gram,Gebrande cashewnoten ongezouten,Gebrande cashewnoten ongezouten,4.95,,,,,
versenoten.nl,https://versenoten.nl/noten/hazelnoten/ongebrande-hazelnoten-zonder-vlies.html#/26-gewicht-250_gram,Ongebrande hazelnoten zonder vlies,Ongebrande hazelnoten zonder vlies,6.95,,,,,
versenoten.nl,https://versenoten.nl/noten/walnoten/walnoten-gepeld/,Gepelde walnoten,Standaard,4.95,,,,,
versenoten.nl,https://versenoten.nl/noten/walnoten/walnoten-in-dop-frans/,Franse walnoten in dop,Standaard,3.95,,,,,
versenoten.nl,https://versenoten.nl/zuidvruchten/abrikozen/abrikozen.html#/26-gewicht-250_gram,Abrikozen zoet,Abrikozen zoet,5.95,,,,,
versenoten.nl,https://versenoten.nl/noten/pecannoten/ongebrande-pecannoten.html#/36-gewicht-150_gram,Ongebrande pecannoten,Ongebrande pecannoten,3.95,,,,,
versenoten.nl,https://versenoten.nl/noten/walnoten/,Verse en gezonde walnoten,Standaard,4.95,,,,,
versenoten.nl,https://versenoten.nl/noten/pistachenoten/,"Pistachenoten: gepeld, ongepeld, gezouten of ongezouten",Standaard,2.95,,,,,
versenoten.nl,https://versenoten.nl/noten/walnoten/walnoten-gepeld/walnoten.html#/26-gewicht-250_gram,Walnoten gepeld,Walnoten gepeld,4.95,,,,,
versenoten.nl,https://versenoten.nl/noten/amandelen/gebrande-amandelen/gebrande-amandelen-met-vlies-ongezouten.html#/26-gewicht-250_gram,Gebrande amandelen met vlies ongezouten,Gebrande amandelen met vlies ongezouten,3.95,,,,,
versenoten.nl,https://versenoten.nl/zuidvruchten/rozijnen/krenten.html#/26-gewicht-250_gram,Krenten,Krenten,1.95,,,,,
versenoten.nl,https://versenoten.nl/noten/pistachenoten/gebrande-gepelde-pistachenoten-gezouten.html#/33-gewicht-60_gram,Gebrande gepelde pistachenoten gezouten,Gebrande gepelde pistachenoten gezouten,2.95,,,,,
versenoten.nl,https://versenoten.nl/noten/amandelen/gebrande-amandelen/,Gebrande amandelen,Standaard,3.95,,,,,
versenoten.nl,https://versenoten.nl/noten/hazelnoten/,Gezonde hazelnoten kopen,Standaard,6.95,,,,,
versenoten.nl,https://versenoten.nl/zuidvruchten/abrikozen/abrikozen-ongezwaveld/,"Ongezwavelde abrikozen: puur, gezond en vol smaak",Standaard,5.95,,,,,
versenoten.nl,https://versenoten.nl/zuidvruchten/rozijnen/kleine-gele-rozijnen/,Kleine gele rozijnen,Standaard,1.95,,,,,
versenoten.nl,https://versenoten.nl/noten/pecannoten/gebrande-pecannoten-ongezouten.html#/36-gewicht-150_gram,Gebrande pecannoten ongezouten,Gebrande pecannoten ongezouten,3.95,,,,,
versenoten.nl,https://versenoten.nl/noten/amandelen/gerookte-amandelen/gerookte-amandelen.html,Gerookte amandelen,Gerookte amandelen,3.95,,,,,
versenoten.nl,https://versenoten.nl/noten/pistachenoten/ongebrande-gepelde-pistachenoten.html#/33-gewicht-60_gram,Ongebrande gepelde pistachenoten,Ongebrande gepelde pistachenoten,2.95,,,,,
versenoten.nl,https://versenoten.nl/zuidvruchten/abrikozen/abrikozen-zoet/,"Zoete abrikozen: zacht, fruitig en natuurlijk zoet",Standaard,5.95,,,,,
versenoten.nl,https://versenoten.nl/noten/walnoten/walnoten-gepeld/walnootstukjes.html#/26-gewicht-250_gram,Walnootstukjes,Walnootstukjes,4.25,,,,,
versenoten.nl,https://versenoten.nl/zuidvruchten/rozijnen/grote-gele-rozijnen.html#/26-gewicht-250_gram,Grote gele rozijnen,Grote gele rozijnen,2.95,,,,,
versenoten.nl,https://versenoten.nl/noten/amandelen/bakken-met-amandelen/,Bakken met amandelen,Standaard,1.95,,,,,
versenoten.nl,https://versenoten.nl/noten/pistachenoten/rauwe-pistachenoten.html#/26-gewicht-250_gram,Ongebrande Pistachenoten,Ongebrande Pistachenoten,4.95,,,,,
versenoten.nl,https://versenoten.nl/zuidvruchten/rozijnen/kleine-blauwe-rozijnen.html#/26-gewicht-250_gram,Kleine blauwe rozijnen,Kleine blauwe rozijnen,1.95,,,,,
versenoten.nl,https://versenoten.nl/noten/cashewnoten/,"Gezonde cashewnoten: rauw, gebrand of ongebrand",Standaard,4.95,,,,,
versenoten.nl,https://versenoten.nl/noten/pecannoten/,"Pecannoten kopen: vers, eerlijk en met smaak",Standaard,4.95,,,,,
versenoten.nl,https://versenoten.nl/noten/amandelen/bakken-met-amandelen/amandelschaafsel.html,Amandelschaafsel,Amandelschaafsel,1.95,,,,,
versenoten.nl,https://versenoten.nl/noten/ongebrande-noten/walnoten-in-dop.html,Walnoten in dop,Walnoten in dop,3.95,,,,,
versenoten.nl,https://versenoten.nl/noten/cashewnoten/gebrande-cashewnoten-gezouten.html#/26-gewicht-250_gram,Gebrande cashewnoten gezouten,Gebrande cashewnoten gezouten,4.95,,,,,
versenoten.nl,https://versenoten.nl/zuidvruchten/abrikozen/zure-abrikozen.html#/26-gewicht-250_gram,Abrikozen zuur,Abrikozen zuur,4.95,,,,,
versenoten.nl,https://versenoten.nl/noten/hazelnoten/gebrande-hazelnoten-zonder-vlies.html#/26-gewicht-250_gram,Gebrande hazelnoten zonder vlies,Gebrande hazelnoten zonder vlies,6.95,,,,,
versenoten.nl,https://versenoten.nl/zuidvruchten/rozijnen/kleine-blauwe-rozijnen/,Kleine blauwe rozijnen,Standaard,1.95,,,,,
versenoten.nl,https://versenoten.nl/zuidvruchten/rozijnen/krenten/,"Gedroogde krenten: klein, krachtig en vol smaak",Standaard,1.95,,,,,
versenoten.nl,https://versenoten.nl/noten/hazelnoten/ongebrande-hazelnoten-met-vlies.html#/26-gewicht-250_gram,Ongebrande hazelnoten met vlies,Ongebrande hazelnoten met vlies,6.95,,,,,
versenoten.nl,https://versenoten.nl/noten/amandelen/,Gezonde amandelen kopen,Standaard,1.95,,,,,
versenoten.nl,https://versenoten.nl/noten/amandelen/bakken-met-amandelen/amandelspijs.html,Amandelspijs,Amandelspijs,6.95,,,,,
versenoten.nl,https://versenoten.nl/zuidvruchten/abrikozen/abrikozen-stukjes/,"Abrikozen stukjes: zacht, zoet en veelzijdig",Standaard,1.95,,,,,
versenoten.nl,https://versenoten.nl/noten/pistachenoten/gebrande-pistachenoten-gezouten.html#/26-gewicht-250_gram,Gebrande pistachenoten gezouten,Gebrande pistachenoten gezouten,4.95,,,,,
versenoten.nl,https://versenoten.nl/noten/amandelen/ongebrande-amandelen/ongebrande-amandelen-met-vlies.html#/26-gewicht-250_gram,Ongebrande amandelen met vlies,Ongebrande amandelen met vlies,3.95,,,,,
versenoten.nl,https://versenoten.nl/noten/amandelen/ongebrande-amandelen/ongebrande-amandelen-met-vlies,Ongebrande amandelen,Standaard,3.95,,,,,
versenoten.nl,https://versenoten.nl/noten/amandelen/ongebrande-amandelen/ongebrande-amandelen-zonder-vlies.html#/26-gewicht-250_gram,Ongebrande amandelen zonder vlies,Ongebrande amandelen zonder vlies,5.95,,,,,
versenoten.nl,https://versenoten.nl/noten/amandelen/bakken-met-amandelen/amandelgries.html,Amandelgries,Amandelgries,1.95,,,,,
versenoten.nl,https://versenoten.nl/zuidvruchten/rozijnen/doosjes-kinderrozijntjes.html,Doosjes kinderrozijntjes,Doosjes kinderrozijntjes,2.95,,,,,
versenoten.nl,https://versenoten.nl/noten/pistachenoten/gebrande-gepelde-pistachenoten-ongezouten.html#/33-gewicht-60_gram,Gebrande gepelde pistachenoten ongezouten,Gebrande gepelde pistachenoten ongezouten,2.95,,,,,
versenoten.nl,https://versenoten.nl/noten/amandelen/bakken-met-amandelen/amandelmeel.html,Amandelmeel,Amandelmeel,3.95,,,,,
bionoot.nl,https://bionoot.nl/noten/geroosterde-noten,Biologische geroosterde noten,Standaard,4.95,,,,,
bionoot.nl,https://bionoot.nl/noten/biologische-notenmixen,Biologische notenmixen,Standaard,4.95,,,,,
notenhuis.nl,https://notenhuis.nl/noten/pecannoten/,Pecannoten,Standaard,3.3,,,,,
notenhuis.nl,https://notenhuis.nl/noten/cashewnoten/,Cashewnoten,Standaard,3.85,,,,,
notenhuis.nl,https://notenhuis.nl/noten/walnoten-in-dop/,Walnoten In Dop,Standaard,4.95,,,,,
notenhuis.nl,https://notenhuis.nl/noten/cashewnoten-naturel/,Cashewnoten Naturel,Standaard,3.3,,,,,
notenhuis.nl,https://notenhuis.nl/noten/pistachenoten/,Pistachenoten,Standaard,5.35,,,,,
notenhuis.nl,https://notenhuis.nl/noten/pecannoten-naturel/,Pecannoten Naturel,Standaard,10.7,,,,,
notenhuis.nl,https://notenhuis.nl/suikervrije-chocolade-met-diversen/abrikozen-met-suikervrije-chocolade/,Abrikozen met Suikervrije Chocolade,Standaard,2.95,,,,,
